NA,A001_Merkel_cell_carcinoma_1,A002_Merkel_cell_carcinoma_2,A003_Merkel_cell_carcinoma_3,A004_Merkel_cell_carcinoma_4,A005_Merkel_cell_carcinoma_5,A006_Merkel_cell_carcinoma_6,A006_Merkel_cell_carcinoma_7,A008_Merkel_cell_carcinoma_8,A009_Merkel_cell_carcinoma_9,A010_Merkel_cell_carcinoma_10,A011_Merkel_cell_carcinoma_11,A012_Merkel_cell_carcinoma_12,Neuroblastoma_CNS_mets_1112_12948,Neuroblastoma_CNS_mets_12698,Neuroblastoma_CNS_mets_12699,Neuroblastoma_CNS_mets_12890,Neuroblastoma_CNS_mets_12985,Neuroblastoma_CNS_mets_13483,Neuroblastoma_CNS_mets_210_7518,Neuroblastoma_CNS_mets_264_13943,Neuroblastoma_CNS_mets_366_7502,Neuroblastoma_CNS_mets_688_12783,Neuroblastoma_CNS_mets_698_13117,Neuroblastoma_CNS_mets_7540,Neuroblastoma_CNS_primary_1112_12944,Neuroblastoma_CNS_primary_12064,Neuroblastoma_CNS_primary_12582,Neuroblastoma_CNS_primary_12767,Neuroblastoma_CNS_primary_12768,Neuroblastoma_CNS_primary_12889,Neuroblastoma_CNS_primary_210_7516,Neuroblastoma_CNS_primary_264_12581,Neuroblastoma_CNS_primary_344_13406,Neuroblastoma_CNS_primary_366_13419,Neuroblastoma_CNS_primary_698_13174,Neuroblastoma_CNS_primary_7538,Neuroblastoma_CNS_second_look_688_12764,A841_Pheochromocytoma_1,A842_Pheochromocytoma_2,A843_Pheochromocytoma_3,A844_Pheochromocytoma_4,A845_Pheochromocytoma_5,A846_Pheochromocytoma_6,A847_Pheochromocytoma_7,A848_Pheochromocytoma_8,A849_Pheochromocytoma_9,A850_Pheochromocytoma_10,A851_Pheochromocytoma_11,A852_Pheochromocytoma_12,A854_Pheochromocytoma_14,A855_Pheochromocytoma_15,A856_Pheochromocytoma_16,A857_Pheochromocytoma_17,A859_Pheochromocytoma_19,A860_Pheochromocytoma_20,A861_Pancreatic_NET_1,A862_Pancreatic_NET_2,A863_Pancreatic_NET_3,A864_Pancreatic_NET_4,A865_Pancreatic_NET_5,A866_Pancreatic_NET_6,A867_Pancreatic_NET_7,A868_Pancreatic_NET_8,A869_Pancreatic_NET_9,A870_Pancreatic_NET_10,A871_Intestinal_NET_1,A872_Intestinal_NET_2,A874_Intestinal_NET_4,A875_Intestinal_NET_5,A876_Intestinal_NET_6,A877_Intestinal_NET_7,A878_Intestinal_NET_8,A879_Intestinal_NET_9,A880_Intestinal_NET_10,A935_Pancreatic_NET_11,A921_Intestinal_NET_11,A922_Intestinal_NET_12,A923_Intestinal_NET_13,A924_Intestinal_NET_14,A925_Intestinal_NET_15,A926_Appendiceal_NET_1,A927_Appendiceal_NET_2,A928_Appendiceal_NET_3,A929_Appendiceal_NET_4,A930_Appendiceal_NET_5,A931_Appendiceal_NET_6,A932_Appendiceal_NET_7,A933_Appendiceal_NET_8,A934_Appendiceal_NET_9,A936_Appendiceal_NET_10,A938_Rectal_NET_2,A939_Rectal_NET_3,A940_Rectal_NET_4,A943_Pancreatic_NET_12,A955_Small_cell_carcinoma_lung_1,A956_Small_cell_carcinoma_lung_2,A957_Small_cell_carcinoma_lung_3,A958_Small_cell_carcinoma_lung_4,A959_Small_cell_carcinoma_lung_5,A945_Pituitary_adenoma_1,A946_Pituitary_adenoma_2,A947_Pituitary_adenoma_3,A948_Pituitary_adenoma_4,A949_Pituitary_adenoma_5,A950_Pituitary_adenoma_6,A951_Pituitary_adenoma_7,A952_Pituitary_adenoma_8,A953_Pituitary_adenoma_9,A954_Pituitary_adenoma_10,AA1243_Pancreatic_NET,AA1244_Pancreatic_NET,AA1245_Pancreatic_NET,AA1246_Pancreatic_NET,AA1247_Pancreatic_NET,AA1248_Pancreatic_NET,AA1249_Pancreatic_NET,AA1250_Pancreatic_NET,AA1234_Ileal_NET,AA1235_Ileal_NET,AA1236_Ileal_NET,AA1237_Ileal_NET,AA1238_Ileal_NET,AA1239_Ileal_NET,AA1240_Ileal_NET,AA1241_Ileal_NET,AA1242_Ileal_NET,AA1231_Appendiceal_NET,AA1232_Appendiceal_NET,AA1233_Appendiceal_NET,AA1251_Rectal_NET,AA1252_Rectal_NET,AA1266_Pancreatic_NET,AA1267_Pancreatic_NET,AA1268_Pancreatic_NET,AA1269_Pancreatic_NET,AA1270_Pancreatic_NET,AA1271_Pancreatic_NET,AA1272_Pancreatic_NET,AA1273_Pancreatic_NET,AA1257_Ileal_NET,AA1258_Ileal_NET,AA1259_Ileal_NET,AA1260_Ileal_NET,AA1261_Ileal_NET,AA1262_Ileal_NET,AA1263_Ileal_NET,AA1264_Ileal_NET,AA1255_Appendix_NET,AA1256_Appendix_NET,AA1274_Rectal_NET,AA1275_Rectal_NET,A1113_Large_cell_neuroendocrine_ca_1,A1114_Large_cell_neuroendocrine_ca_2,A1115_Large_cell_neuroendocrine_ca_6,AA1459,AA1460,AA1461,AA1462,AA1454,AA1455,AA1456,AA1457,AA1458,A971_Carcinoid_1,A972_Carcinoid_2,A974_Carcinoid_4,AA1447,AA1448,AA1449,AA1450,AA1466,AA1467,AA1468,AA1469,AA1470,AA1463,AA1464,AA1465,AA1474,AA1451,AA1452,AA1453,AA1478,AA1471,AA1472,AA1473,A981_Atypical_carcinoid_1,A982_Atypical_carcinoid_2,A983_Atypical_carcinoid_3,A984_Atypical_carcinoid_4,A985_Atypical_carcinoid_5,A986_Atypical_carcinoid_6,A987_Atypical_carcinoid_7,A988_Atypical_carcinoid_8,A989_Atypical_carcinoid_9,A1001_Medullary_carcinoma_7,A1002_Medullary_carcinoma_8,A1003_Medullary_carcinoma_9,A1026_Medullary_carcinoma_10,A995_Medullary_carcinoma_1,A996_Medullary_carcinoma_2,A997_Medullary_carcinoma_3,A998_Medullary_carcinoma_4,A999_Medullary_carcinoma_5,A1020_MCC10,A1116_MCC1,A1117_MCC2,A1118_MCC6,A1119_MCC8,AA1475,AA1476,AA1477
'Germ',Ectoderm,Ectoderm,Ectoderm,Ectoderm,Ectoderm,Ectoderm,Ectoderm,Ectoderm,Ectoderm,Ectoderm,Ectoderm,Ectoderm,Ectoderm,Ectoderm,Ectoderm,Ectoderm,Ectoderm,Ectoderm,Ectoderm,Ectoderm,Ectoderm,Ectoderm,Ectoderm,Ectoderm,Ectoderm,Ectoderm,Ectoderm,Ectoderm,Ectoderm,Ectoderm,Ectoderm,Ectoderm,Ectoderm,Ectoderm,Ectoderm,Ectoderm,Ectoderm,Ectoderm,Ectoderm,Ectoderm,Ectoderm,Ectoderm,Ectoderm,Ectoderm,Ectoderm,Ectoderm,Ectoderm,Ectoderm,Ectoderm,Ectoderm,Ectoderm,Ectoderm,Ectoderm,Ectoderm,Ectoderm,Endoderm,Endoderm,Endoderm,Endoderm,Endoderm,Endoderm,Endoderm,Endoderm,Endoderm,Endoderm,Endoderm,Endoderm,Endoderm,Endoderm,Endoderm,Endoderm,Endoderm,Endoderm,Endoderm,Endoderm,Endoderm,Endoderm,Endoderm,Endoderm,Endoderm,Endoderm,Endoderm,Endoderm,Endoderm,Endoderm,Endoderm,Endoderm,Endoderm,Endoderm,Endoderm,Endoderm,Endoderm,Endoderm,Endoderm,Endoderm,Endoderm,Endoderm,Endoderm,Endoderm,Ectoderm,Ectoderm,Ectoderm,Ectoderm,Ectoderm,Ectoderm,Ectoderm,Ectoderm,Ectoderm,Ectoderm,Endoderm,Endoderm,Endoderm,Endoderm,Endoderm,Endoderm,Endoderm,Endoderm,Endoderm,Endoderm,Endoderm,Endoderm,Endoderm,Endoderm,Endoderm,Endoderm,Endoderm,Endoderm,Endoderm,Endoderm,Endoderm,Endoderm,Endoderm,Endoderm,Endoderm,Endoderm,Endoderm,Endoderm,Endoderm,Endoderm,Endoderm,Endoderm,Endoderm,Endoderm,Endoderm,Endoderm,Endoderm,Endoderm,Endoderm,Endoderm,Endoderm,Endoderm,Endoderm,Endoderm,Endoderm,Endoderm,Endoderm,Endoderm,Endoderm,Endoderm,Endoderm,Endoderm,Endoderm,Endoderm,Endoderm,Endoderm,Endoderm,Endoderm,Endoderm,Endoderm,Endoderm,Endoderm,Endoderm,Endoderm,Endoderm,Endoderm,Endoderm,Endoderm,Endoderm,Endoderm,Endoderm,Endoderm,Endoderm,Endoderm,Endoderm,Endoderm,Endoderm,Endoderm,Endoderm,Endoderm,Endoderm,Endoderm,Endoderm,Endoderm,Endoderm,Endoderm,Endoderm,Endoderm,Endoderm,Endoderm,Endoderm,Endoderm,Endoderm,Endoderm,Endoderm,Ectoderm,Ectoderm,Ectoderm,Ectoderm,Ectoderm,Endoderm,Endoderm,Endoderm
'Anatomic_site',Skin,Skin,Skin,Skin,Skin,Skin,Skin,Skin,Skin,Skin,Skin,Skin,Peripheral Nervous System,Peripheral Nervous System,Peripheral Nervous System,Peripheral Nervous System,Peripheral Nervous System,Peripheral Nervous System,Peripheral Nervous System,Peripheral Nervous System,Peripheral Nervous System,Peripheral Nervous System,Peripheral Nervous System,Peripheral Nervous System,Peripheral Nervous System,Peripheral Nervous System,Peripheral Nervous System,Peripheral Nervous System,Peripheral Nervous System,Peripheral Nervous System,Peripheral Nervous System,Peripheral Nervous System,Peripheral Nervous System,Peripheral Nervous System,Peripheral Nervous System,Peripheral Nervous System,Peripheral Nervous System,Peripheral Nervous System,Peripheral Nervous System,Peripheral Nervous System,Peripheral Nervous System,Peripheral Nervous System,Peripheral Nervous System,Peripheral Nervous System,Peripheral Nervous System,Peripheral Nervous System,Peripheral Nervous System,Peripheral Nervous System,Peripheral Nervous System,Peripheral Nervous System,Peripheral Nervous System,Peripheral Nervous System,Peripheral Nervous System,Peripheral Nervous System,Peripheral Nervous System,Islet of Langerhans,Islet of Langerhans,Islet of Langerhans,Islet of Langerhans,Islet of Langerhans,Islet of Langerhans,Islet of Langerhans,Islet of Langerhans,Islet of Langerhans,Islet of Langerhans,Intestine,Intestine,Intestine,Intestine,Intestine,Intestine,Intestine,Intestine,Intestine,Islet of Langerhans,Intestine,Intestine,Intestine,Intestine,Intestine,Intestine,Intestine,Intestine,Intestine,Intestine,Intestine,Intestine,Intestine,Intestine,Intestine,Intestine,Intestine,Intestine,Islet of Langerhans,Lungs,Lungs,Lungs,Lungs,Lungs,Anterior Pituitary,Anterior Pituitary,Anterior Pituitary,Anterior Pituitary,Anterior Pituitary,Anterior Pituitary,Anterior Pituitary,Anterior Pituitary,Anterior Pituitary,Anterior Pituitary,Intestine,Islet of Langerhans,Islet of Langerhans,Islet of Langerhans,Islet of Langerhans,Islet of Langerhans,Islet of Langerhans,Islet of Langerhans,Intestine,Intestine,Intestine,Intestine,Intestine,Intestine,Intestine,Intestine,Intestine,Intestine,Intestine,Intestine,Intestine,Intestine,Islet of Langerhans,Islet of Langerhans,Islet of Langerhans,Islet of Langerhans,Islet of Langerhans,Islet of Langerhans,Islet of Langerhans,Islet of Langerhans,Intestine,Intestine,Intestine,Intestine,Intestine,Intestine,Intestine,Intestine,Intestine,Intestine,Intestine,Intestine,Lungs,Lungs,Lungs,Lungs,Lungs,Lungs,Lungs,Lungs,Lungs,Lungs,Lungs,Lungs,Lungs,Lungs,Lungs,Lungs,Lungs,Lungs,Lungs,Lungs,Lungs,Lungs,Lungs,Lungs,Lungs,Lungs,Lungs,Lungs,Lungs,Lungs,Lungs,Lungs,Lungs,Lungs,Lungs,Lungs,Lungs,Lungs,Lungs,Lungs,Lungs,Lungs,Lungs,Lungs,Pharyngeal pouch,Pharyngeal pouch,Pharyngeal pouch,Pharyngeal pouch,Pharyngeal pouch,Pharyngeal pouch,Pharyngeal pouch,Pharyngeal pouch,Pharyngeal pouch,Skin,Skin,Skin,Skin,Skin,Lungs,Lungs,Lungs
'NET_type',MCC,MCC,MCC,MCC,MCC,MCC,MCC,MCC,MCC,MCC,MCC,MCC,NB,NB,NB,NB,NB,NB,NB,NB,NB,NB,NB,NB,NB,NB,NB,NB,NB,NB,NB,NB,NB,NB,NB,NB,NB,PC,PC,PC,PC,PC,PC,PC,PC,PC,PC,PGL,PGL,PGL,PGL,PGL,PGL,PGL,PGL,PNET,PNET,PNET,PNET,PNET,PNET,PNET,PNET,PNET,PNET,INET,INET,INET,INET,INET,INET,INET,INET,INET,PNET,INET,INET,INET,INET,INET,APPNET,APPNET,APPNET,APPNET,APPNET,APPNET,APPNET,APPNET,APPNET,APPNET,RNET,RNET,RNET,PNET,SCLC,SCLC,SCLC,SCLC,SCLC,PA,PA,PA,PA,PA,PA,PA,PA,PA,PA,INET,PNET,PNET,PNET,PNET,PNET,PNET,PNET,INET,INET,INET,INET,INET,INET,INET,INET,INET,APPNET,APPNET,APPNET,RNET,RNET,PNET,PNET,PNET,PNET,PNET,PNET,PNET,PNET,INET,INET,INET,INET,INET,INET,INET,INET,APPNET,APPNET,RNET,RNET,LCNEC,LCNEC,LCNEC,LCNEC,LCNEC,LCNEC,LCNEC,AC,AC,AC,AC,AC,TC,TC,TC,TC,TC,TC,TC,SCLC,SCLC,SCLC,SCLC,SCLC,LCNEC,LCNEC,LCNEC,AC,TC,TC,TC,SCLC,TC,TC,TC,AC,AC,AC,AC,AC,AC,AC,AC,AC,MTC,MTC,MTC,MTC,MTC,MTC,MTC,MTC,MTC,MCC,MCC,MCC,MCC,MCC,LCNEC,LCNEC,LCNEC
'hsa-let-7a(3)',0.047278164,0.098454208,0.158375842,0.07185871,0.096696411,0.122216054,0.096913206,0.116955861,0.145575258,0.052117124,0.095037665,0.067333557,0.068449054,0.019726992,0.014720254,0.029251215,0.063247919,0.09130823,0.005922064,0.067855606,0.033475875,0.032410288,0.037575639,0.107155523,0.085283065,0.105737577,0.033578853,0.03442234,0.036058335,0.039460068,0.043235684,0.038229283,0.024164832,0.012139924,0.033023351,0.056404946,0.0239527,0.019574662,0.03646754,0.031818702,0.044547605,0.053867836,0.030391663,0.035570813,0.044898904,0.040160407,0.035006394,0.039532534,0.047956144,0.028740297,0.013875161,0.049312349,0.032215298,0.047402834,0.045409865,0.033588088,0.030260532,0.056073414,0.030737004,0.056655595,0.061504845,0.060872959,0.061562964,0.063137221,0.058058722,0.027088984,0.025259577,0.027375017,0.016603655,0.022475845,0.033016675,0.007348623,0.021627262,0.015349677,0.012041365,0.005663843,0.00769973,0.010381918,0.01114055,0.013958633,0.002394713,0.020734165,0.009465642,0.01081612,0.02124483,0.020827974,0.02470658,0.00201222,0.014603565,0.010506994,0.019850321,0.009501551,0.019064987,0.066628379,0.015824544,0.015531343,0.059582394,0.027916029,0.034970282,0.016265183,0.016843374,0.022058596,0.026266939,0.033518568,0.021905683,0.017542218,0.013994149,0.017473829,0.015663885,0.012959212,0.0060426,0.00574758,0.012359277,0.019440853,0.016362873,0.00878546,0.005951139,0.009699583,0.01003673,0.00330414,0.010351292,0.011322345,0.0094451,0.011097714,0.012588496,0.003859923,0.007340359,0.008304665,0.008077005,0.014958645,0.004346271,0.016596647,0.010457492,0.009712781,0.027134176,0.004948991,0.034021854,0.015657312,0.003930281,0.015234547,0.017341703,0.005065534,0.006448778,0.008562151,0.007532168,0.021315296,0.010416406,0.01056352,0.019469028,0.005932868,0.009461457,0.007731365,0.032137494,0.039646088,0.05136556,0.018223878,0.040455384,0.027521572,0.040981082,0.099200204,0.023008687,0.040238417,0.028461849,0.02819256,0.014168111,0.017123032,0.036814407,0.007709471,0.031856392,0.030213476,0.043634091,0.064130432,0.040128994,0.05211767,0.022166639,0.065406788,0.019659305,0.020456211,0.056680547,0.034816785,0.018309464,0.035460003,0.037167567,0.040742115,0.003975127,0.033786925,0.023017576,0.022887319,0.022566994,0.01450943,0.024446704,0.010581558,0.024977873,0.044777548,0.020325483,0.028895799,0.011389285,0.01631985,0.034782631,0.01039671,0.021576245,0.026126317,0.016376087,0.016497153,0.039159602,0.034672419,0.091767127,0.085853722,0.081634333,0.048936534,0.033483168,0.036723147
'hsa-let-7a-1STAR(2)',0.000283765,0.00032296,0.000603238,0.000384115,0.000498849,0.000657329,0.00036666,0.000285937,0.000552836,0.000324761,0.000426126,0.000265267,0.000449035,0.000152911,0.000106051,0.000117229,0.000356179,0.000296811,1.87E-05,0.000354024,0.000325969,6.46E-05,0.000108782,0.000279609,0.00022062,0.000431578,0.000307213,0.000114781,0.000139142,0.000138412,0.000105916,0.000172743,0.000110356,9.29E-05,6.91E-05,0.000309796,0.000176967,3.04E-05,4.95E-05,9.56E-05,9.63E-05,0.000116693,9.32E-05,8.06E-05,9.00E-05,7.57E-05,0.000108666,4.72E-05,6.05E-05,0.000143213,0.00016187,9.01E-05,0.000100733,6.34E-05,9.80E-05,3.33E-05,2.63E-05,6.03E-05,6.48E-05,4.83E-05,0.000114863,6.13E-05,8.67E-05,3.49E-05,0.00021063,6.03E-05,2.93E-05,9.21E-05,4.03E-05,4.32E-05,0.00014561,0.000111225,4.09E-05,6.17E-05,4.36E-05,0,2.21E-05,2.52E-05,2.83E-05,5.31E-05,0,5.65E-05,6.08E-05,2.54E-05,0.000258661,4.47E-05,7.14E-05,5.22E-05,4.63E-05,2.22E-05,0.000100678,4.92E-05,0.000116668,0.000163119,8.53E-05,5.41E-05,0.000491956,8.71E-05,0.000190832,6.29E-05,2.53E-05,4.78E-05,0.000122011,6.19E-05,0.000195501,5.80E-05,4.04E-05,4.84E-05,4.12E-05,0,0,4.25E-05,5.42E-05,4.03E-05,5.87E-05,6.53E-05,0.000146186,2.64E-05,3.59E-05,0.000992234,2.16E-05,9.32E-05,3.28E-05,8.61E-05,7.48E-05,3.67E-05,2.98E-05,3.06E-05,3.76E-05,0.000120279,0.000100268,8.78E-05,3.13E-05,3.10E-05,0.000122629,2.53E-05,0.000160881,0.000144151,0.000114428,4.47E-05,8.66E-05,1.52E-05,7.96E-05,0.000125726,0.000119324,9.52E-05,7.47E-05,0.000140981,7.08E-05,4.31E-05,8.89E-05,7.84E-05,0.000193801,0.00023679,0.00073186,0.000477884,0.000652986,0.000259632,0.000790077,0.001037752,0.00035786,0.000350464,0.000314932,0.000110845,3.15E-05,7.59E-05,0.0006416,8.25E-05,0.000327443,0.000392086,0.000689522,0.000837033,0.000835333,0.001029515,0.000403113,0.000513411,0.000287555,0.000207025,0.000538784,0.000446795,0.000133373,0.000330292,0.000515907,0.000314912,1.89E-05,0.000388373,0.000150016,0.000178083,0.000126184,7.75E-05,0.000160012,0.000196477,0.000137052,0.000306248,0.000109858,0.000174777,9.14E-05,6.91E-05,0.000207651,8.58E-05,0.000144049,0.00021161,0.000134721,0.000126005,0.000208043,0.00011846,0.000541168,0.000311375,0.000126244,0.000560059,0.000381015,0.000298887
'hsa-let-7a-2STAR(1)',0,1.20E-05,0,0,0,0,0,0,0,0,0,0,2.22E-07,1.09E-06,4.72E-07,1.43E-06,3.62E-06,1.62E-06,4.80E-07,1.65E-06,1.33E-06,2.36E-06,5.80E-06,1.46E-06,0,7.15E-06,1.20E-06,2.47E-06,2.56E-06,4.26E-06,2.59E-06,3.41E-06,2.84E-06,5.38E-07,0,6.20E-06,6.73E-07,2.17E-06,3.01E-07,2.21E-06,1.16E-06,7.60E-07,5.66E-07,7.86E-07,1.29E-06,3.87E-07,1.08E-06,0,0,2.11E-07,3.24E-07,8.20E-07,4.32E-07,1.82E-07,5.81E-07,9.97E-07,1.58E-07,2.30E-06,1.91E-07,1.59E-06,1.57E-06,1.84E-06,0,8.72E-07,5.31E-07,7.19E-07,1.26E-06,1.70E-06,0,4.55E-06,4.77E-07,0,1.15E-06,1.18E-06,0,0,0,3.52E-06,0,8.32E-07,0,2.24E-06,2.59E-06,1.23E-07,2.36E-06,1.20E-06,2.50E-07,0,1.44E-06,0,0,3.47E-07,0,8.79E-07,0,0,3.61E-07,0,3.51E-08,5.63E-07,7.43E-07,2.60E-07,2.82E-07,2.13E-07,2.99E-07,2.78E-07,0,1.85E-07,0,0,0,0,0,0,1.89E-06,0,1.64E-06,0,5.03E-07,0,7.84E-06,2.28E-06,2.44E-07,0,0,0,0,2.25E-06,2.94E-06,9.48E-07,0,0,0,0,7.66E-06,0,1.71E-06,6.87E-06,6.36E-06,6.68E-07,2.69E-06,0,0,2.10E-06,1.81E-06,0,4.31E-06,0,2.52E-06,6.63E-07,0,8.95E-07,4.00E-08,1.89E-07,1.86E-06,6.13E-06,7.04E-06,0,3.30E-06,0,0,0,0,7.54E-07,0,9.46E-07,1.27E-06,0,0,1.13E-06,0,6.18E-06,4.70E-06,4.37E-06,0,5.61E-06,2.82E-06,0,1.70E-06,0,0,0,5.78E-07,7.18E-07,0,1.28E-06,3.24E-07,2.72E-07,9.20E-07,9.44E-08,7.34E-07,2.82E-07,0,8.71E-08,5.23E-07,6.09E-07,7.01E-07,1.89E-06,0,0,8.63E-07,3.63E-06,1.46E-06,3.20E-06,0,0,0,1.42E-06,0,3.80E-06,2.44E-06,0
'hsa-let-7b(1)',0.008517799,0.009095138,0.035602076,0.018785489,0.024565769,0.039720799,0.011453118,0.037656655,0.044200805,0.005756928,0.026034615,0.007602412,0.015632046,0.002739488,0.00297863,0.010343649,0.023447626,0.018995988,0.001368726,0.022356249,0.006351398,0.017960787,0.034833966,0.025743587,0.039579327,0.054293172,0.005407761,0.016177076,0.009760698,0.012747167,0.025405038,0.012085518,0.014109607,0.001797273,0.017392341,0.025731983,0.008018627,0.007195016,0.010729654,0.005552739,0.011808633,0.011924143,0.004261006,0.006368535,0.012049379,0.009321164,0.013661158,0.007792747,0.011976375,0.004851703,0.00426681,0.015614438,0.005624513,0.011992606,0.013097502,0.018896682,0.008719497,0.026018192,0.035439291,0.029578914,0.050822047,0.061988448,0.056562786,0.06959378,0.046357022,0.010847695,0.010062759,0.00907979,0.008501131,0.009380978,0.012137542,0.004271589,0.012740519,0.010007138,0.00472237,0.004586776,0.004326223,0.005990399,0.006958136,0.008241253,0.006109704,0.012322081,0.009448355,0.005744549,0.010571079,0.015593038,0.025051869,0.004290854,0.007724221,0.01212869,0.013349323,0.008902394,0.010544487,0.019339874,0.006618529,0.007495311,0.029309508,0.007882784,0.012511968,0.004429771,0.004769501,0.003593395,0.005863228,0.00615704,0.003907429,0.006800375,0.005653439,0.003825725,0.002826849,0.025516674,0.007327298,0.00739099,0.014672682,0.008719212,0.021603037,0.014242767,0.003192077,0.009039009,0.010070513,0.007441756,0.007966112,0.007367741,0.006125555,0.015013682,0.01132063,0.008521288,0.017498908,0.015770695,0.006320135,0.014671099,0.007966604,0.026195109,0.009086505,0.005654844,0.034944389,0.010967262,0.015234756,0.010859702,0.011282773,0.00656729,0.016144202,0.00434126,0.003337797,0.004430031,0.004576495,0.011651051,0.009819873,0.017788807,0.020726941,0.004880959,0.007586561,0.005437401,0.008963335,0.025925077,0.041946352,0.011365501,0.024982409,0.027098738,0.026238126,0.060675658,0.015634024,0.010290908,0.014652077,0.011283786,0.005775724,0.008469553,0.027499713,0.010072454,0.004403422,0.010265885,0.017930532,0.022304576,0.016875994,0.047280559,0.012393059,0.016364546,0.013892385,0.012965535,0.018595247,0.015284401,0.028446476,0.008457785,0.014354026,0.014792067,0.015138143,0.00436949,0.004757801,0.008005006,0.005832941,0.00265763,0.00734753,0.001923525,0.007473448,0.015864244,0.005663295,0.008088827,0.00237401,0.002809003,0.009355225,0.002807343,0.005162795,0.006272293,0.002959326,0.003113477,0.010915554,0.010993025,0.012862496,0.054012829,0.045164952,0.017932067,0.012835478,0.020867151
'hsa-let-7bSTAR(1)',0,0,1.68E-05,8.54E-06,6.24E-05,1.99E-05,8.40E-06,4.26E-05,1.38E-05,7.22E-06,3.34E-05,0,4.31E-05,1.25E-05,1.51E-05,4.23E-05,6.71E-05,0.000116767,4.22E-06,7.99E-05,4.10E-05,0.000171302,0.000232793,0.000116197,0.000103184,0.000182913,3.49E-05,0.000113088,5.30E-05,6.69E-05,0.000126584,5.87E-05,5.45E-05,1.00E-05,8.18E-05,0.00017719,3.35E-05,5.78E-05,1.45E-05,2.11E-05,4.03E-05,3.75E-05,1.13E-05,2.10E-05,2.82E-05,2.18E-05,4.62E-05,2.89E-05,2.23E-05,1.60E-05,1.78E-05,6.12E-05,1.85E-05,3.03E-05,3.37E-05,1.47E-05,7.80E-06,3.06E-05,2.82E-05,4.01E-05,3.78E-05,6.38E-05,7.51E-05,3.84E-05,7.16E-05,4.78E-05,1.91E-05,2.62E-05,2.20E-05,2.56E-05,5.03E-05,4.82E-05,3.00E-05,3.00E-05,1.15E-05,0,7.29E-06,8.55E-06,4.14E-06,2.68E-05,0,3.61E-05,3.02E-05,7.16E-06,8.49E-05,3.88E-05,4.69E-05,0,1.76E-05,1.75E-05,5.61E-05,1.63E-05,6.52E-05,9.28E-05,2.19E-06,3.81E-05,0.000128857,2.04E-05,5.30E-05,2.82E-05,1.49E-06,2.28E-05,2.63E-05,9.58E-06,1.50E-05,2.11E-05,1.55E-05,1.63E-05,6.50E-06,0,3.23E-05,2.12E-05,3.19E-06,2.86E-05,5.78E-05,5.35E-05,3.61E-05,2.74E-06,1.74E-05,0,1.96E-06,2.37E-05,1.29E-05,2.87E-05,0,0,3.21E-05,3.02E-05,2.82E-05,3.18E-05,4.01E-05,8.11E-05,0,3.88E-06,0.000111132,0,0.000118753,9.95E-05,0.000102349,3.57E-05,6.77E-05,2.31E-05,1.36E-05,5.77E-05,6.42E-05,3.70E-05,7.04E-05,0.000120841,9.70E-05,1.13E-05,2.87E-05,3.31E-05,3.59E-05,6.12E-05,0.000144324,5.51E-05,0.000108244,0.00011823,0.000165355,0.000254012,6.33E-05,7.65E-06,4.07E-05,2.99E-05,1.14E-05,2.82E-05,0.000198648,1.26E-05,3.97E-05,3.00E-05,0.000146999,0.000203853,0.00013008,0.000152829,9.30E-05,5.59E-05,6.63E-05,3.06E-05,7.32E-05,5.33E-05,5.95E-05,4.37E-05,7.84E-05,3.66E-05,1.08E-05,6.19E-05,3.38E-05,4.64E-05,3.25E-05,1.11E-05,6.42E-05,1.14E-05,2.74E-05,5.71E-05,2.69E-05,5.41E-05,2.54E-05,2.87E-05,3.01E-05,1.43E-05,3.15E-05,6.51E-05,7.32E-06,4.70E-05,2.87E-05,2.57E-05,1.38E-05,8.46E-05,4.00E-05,9.40E-05,6.35E-05,9.05E-05
'hsa-let-7c(1)',0.001095241,0.000583361,0.001051152,0.002161031,0.000881439,0.000968531,0.000759353,0.000937325,0.001269725,0.000409704,0.00055906,0.000298774,0.020917851,0.000931963,0.000559965,0.006476349,0.024077045,0.003323806,0.000437035,0.016586962,0.002849319,0.004934558,0.016421059,0.025115049,0.040061109,0.021915667,0.002008295,0.004788112,0.001751999,0.00449103,0.009144215,0.007748021,0.003050501,0.001911224,0.012724706,0.009333525,0.002588804,0.001021488,0.00074696,0.001531031,0.00287353,0.001127764,0.000596825,0.001307732,0.001590701,0.000649216,0.001661891,0.001284883,0.000945901,0.000919085,0.000699215,0.001962451,0.001129606,0.000987436,0.001696202,0.002367107,0.000471323,0.006044799,0.001356313,0.003766157,0.018203097,0.008721566,0.002591194,0.002337686,0.005241885,0.001287781,0.00237873,0.001475167,0.001699583,0.002293336,0.00100934,0.000425212,0.001232123,0.00124251,0.000223701,0.000408938,0.000617086,0.00069576,0.000297543,0.000786569,0.000451792,0.003836151,0.002076123,0.002243102,0.000840432,0.003614433,0.000977691,0.000349427,0.001823858,0.003024944,0.000740317,0.001530178,0.000380937,0.001309888,0.0009582,0.000557846,0.001367977,0.001524832,0.000241445,0.004210302,0.005470396,0.003099689,0.001850779,0.006856458,0.007471965,0.00031473,0.001312278,0.005106383,0.005248234,0.000685011,0.001283084,0.000680595,0.00253753,0.00161143,0.001479514,0.001342928,0.000484531,0.001577284,0.001417496,0.001488351,0.001530676,0.00178564,0.000512137,0.001471466,0.001011973,0.000943953,0.004575185,0.00262113,0.002927497,0.001893627,0.000443183,0.003736928,0.000514316,0.000774857,0.003791522,0.001417864,0.001896155,0.002900799,0.001008971,0.001641051,0.00318887,0.000434934,0.00070884,0.000684006,0.001357527,0.001350569,0.001013359,0.005119027,0.009349204,0.000275237,0.000366024,0.000505421,0.000176584,0.029109332,0.001131646,0.002943094,0.002210174,0.0023815,0.002082488,0.002171105,0.00054425,0.001170152,0.002289656,0.005376438,0.000472221,0.006819567,0.020696521,0.002593611,0.004165912,0.008205174,0.004375186,0.001900814,0.002072142,0.001931788,0.000589298,0.004706313,0.001158058,0.002763273,0.007744356,0.001352913,0.005513321,0.01399996,0.000655416,0.011636158,0.002979633,0.007974956,0.001359353,0.007681747,0.007850246,0.000288635,0.001577972,0.004137631,0.008274517,0.007358575,0.012595735,0.003432331,0.002843283,0.005714989,0.012798545,0.006325893,0.016558413,0.006150263,0.012464019,0.004741368,0.000371978,0.001234858,0.000510749,0.000980788,0.000761174,0.004278416,0.006748188,0.002761952
'hsa-let-7cSTAR(1)',0,0,0,0,0,0,0,0,0,0,0,0,1.09E-05,1.04E-06,1.57E-07,4.47E-06,1.64E-05,5.99E-06,0,3.56E-05,8.72E-06,3.15E-06,2.47E-05,3.95E-05,2.84E-05,2.69E-05,3.47E-06,1.92E-06,1.61E-06,3.85E-06,1.12E-05,1.57E-05,2.30E-06,2.69E-06,1.41E-05,5.51E-06,1.05E-06,0,7.53E-08,2.01E-06,2.85E-06,9.50E-08,3.77E-07,9.25E-07,7.71E-07,3.10E-07,1.32E-06,9.17E-07,0,1.41E-06,1.30E-06,8.20E-07,7.20E-07,3.63E-07,3.87E-07,4.98E-07,0,1.29E-06,0,9.48E-07,3.15E-06,0,0,1.74E-06,2.00E-06,8.63E-07,0,1.43E-06,4.31E-07,2.84E-06,1.30E-06,0,2.71E-07,7.85E-07,0,0,1.21E-06,1.51E-06,0,1.42E-06,0,7.27E-06,1.16E-05,3.58E-06,2.20E-06,5.39E-06,3.00E-06,0,1.31E-06,1.28E-06,1.30E-06,0,0,6.91E-07,2.19E-06,1.49E-06,2.25E-06,2.72E-06,0,4.69E-06,1.34E-05,4.67E-06,4.50E-06,3.85E-06,1.63E-05,0,0,8.69E-06,7.68E-06,0,0,0,9.57E-06,0,5.68E-06,0,9.37E-07,0,0,0,0,2.85E-06,1.72E-07,0,0,0,0,2.70E-06,2.94E-06,1.42E-06,0,0,0,0,0,0,7.79E-07,6.43E-06,3.81E-06,2.00E-06,5.37E-07,0,1.81E-06,1.44E-06,3.04E-06,1.30E-06,2.87E-06,4.03E-05,7.97E-06,0,9.56E-07,2.98E-07,8.01E-08,2.40E-05,1.86E-06,0,3.52E-06,0,3.30E-06,4.70E-06,0,0,0,1.07E-05,0,9.65E-06,2.08E-05,2.80E-06,2.32E-06,2.83E-06,8.46E-06,3.09E-06,4.70E-06,0,0,3.74E-06,2.82E-06,0,9.53E-06,5.91E-07,1.35E-05,6.80E-06,1.16E-06,3.23E-06,0,7.13E-06,2.11E-06,1.16E-05,6.57E-06,4.72E-07,2.94E-06,6.49E-06,1.37E-05,1.08E-05,1.46E-05,4.54E-06,2.28E-06,6.61E-06,1.93E-05,5.72E-06,3.11E-05,1.19E-05,2.20E-05,1.44E-05,0,5.48E-07,0,0,0,7.59E-06,1.63E-06,0
'hsa-let-7d(1)',0.004119443,0.001175931,0.004644461,0.007485762,0.007983322,0.013775624,0.002212891,0.005439612,0.004168658,0.001867375,0.008723046,0.001853379,0.001360526,0.001043804,0.001453797,0.00220752,0.003050069,0.001781024,0.00047882,0.002501673,0.001473413,0.003343031,0.003571125,0.003814894,0.002594741,0.003450082,0.002252447,0.003332857,0.002695715,0.002911732,0.003875371,0.002466808,0.00278926,0.000573422,0.002968982,0.004321144,0.004479935,0.002408711,0.003214108,0.002310887,0.006909834,0.002605471,0.00265629,0.002058521,0.006747476,0.001648964,0.003666472,0.002340969,0.008869641,0.004728625,0.000856913,0.005248572,0.003432175,0.002148512,0.007384463,0.005939697,0.00795411,0.005344413,0.003536167,0.004042977,0.012413928,0.005556225,0.003087423,0.004076807,0.00372489,0.005035507,0.005230979,0.003569277,0.003321397,0.004740282,0.004105676,0.001755202,0.003754822,0.004377081,0.001431207,0.000853114,0.000964679,0.001136517,0.001457851,0.001473377,0.000317514,0.001425158,0.000714437,0.000493225,0.001017466,0.00109776,0.001019738,0.000323939,0.000977611,0.001049538,0.00095448,0.00076787,0.001206502,0.002022282,0.001353128,0.001318028,0.002908621,0.003200857,0.004176528,0.003314234,0.001678834,0.002565165,0.004695429,0.004127393,0.003175479,0.002435871,0.001268228,0.003695651,0.002710762,0.0011224,0.002259519,0.002123543,0.00296648,0.004175341,0.000683824,0.002076049,0.003370218,0.002587617,0.001945061,0.002315213,0.003378022,0.003513464,0.001404329,0.002002239,0.0027385,0.002029315,0.001054623,0.001317424,0.001349816,0.001951679,0.00109626,0.002298634,0.003208611,0.005051578,0.00240467,0.002030037,0.004742802,0.002722863,0.001861991,0.003016215,0.003171179,0.001665899,0.003091906,0.003318623,0.002734016,0.002905543,0.003301466,0.001857931,0.002630162,0.002422474,0.001939476,0.00122692,0.000441877,0.002057529,0.000517461,0.000283361,0.000752694,0.000717348,0.001023282,0.001062007,0.000730337,0.001232476,0.00103707,0.001299208,0.001311402,0.00103128,0.000714813,0.00021284,0.001062975,0.001064668,0.001057887,0.001184456,0.001409346,0.001608373,0.000859738,0.001080078,0.000372469,0.000828761,0.002408944,0.000953189,0.000359517,0.000921077,0.001080131,0.000947103,0.000260964,0.002359879,0.002789766,0.002862819,0.001573234,0.002288375,0.003358095,0.002213754,0.001672035,0.002928752,0.002821826,0.001959664,0.00059834,0.000920322,0.001341263,0.000887685,0.001201043,0.001458246,0.00111101,0.001343492,0.002303933,0.005414405,0.002399284,0.014450238,0.005838704,0.001287822,0.001506637,0.001977767
'hsa-let-7dSTAR(1)',0.00024715,4.78E-05,0.000235148,0.000388383,0.000381066,0.000703807,0.000109175,0.000237267,0.000248776,5.77E-05,0.000367638,2.79E-05,6.60E-05,3.51E-05,4.96E-05,0.000128026,6.77E-05,0.000125259,2.09E-05,9.34E-05,7.01E-05,0.000267389,0.000372758,0.000149563,0.000149386,0.000184144,8.89E-05,0.000324561,0.000180634,0.000133974,0.000258152,0.000135279,8.74E-05,4.51E-05,0.000297594,0.000370681,0.000201782,0.000304948,9.42E-05,9.93E-05,0.000288395,9.34E-05,0.000111716,7.12E-05,0.000224043,9.31E-05,0.000227639,8.39E-05,0.000438331,9.68E-05,2.30E-05,0.000335493,0.00012642,8.93E-05,0.000289579,0.000165445,0.000155442,0.000185703,0.000173443,0.00016182,0.000262769,0.000153343,8.84E-05,0.000176146,0.000122203,0.000429671,0.000302166,0.000186247,0.000137767,0.000281904,0.000219574,0.000645104,0.000341253,0.000408387,9.38E-05,0.000172571,0.000185064,0.00026969,0.000218193,0.000204901,7.90E-05,0.000117797,0.000148299,5.51E-05,0.000270526,0.000110756,0.00012333,6.17E-05,0.000104495,0.000123265,0.000142989,0.00022472,0.000237935,0.000211684,0.000133399,0.000115561,0.000286856,0.000198241,0.000378491,0.000391788,5.50E-05,0.000203006,0.000433538,0.000225238,0.000333018,0.000131961,7.30E-05,0.000268013,0.000217449,0,9.68E-05,0.000297296,0.000178636,0.000361419,0.000182858,0.000172262,0.000411851,0.000255423,0.000159854,0,0.000266487,0.000400706,0.00024695,0.000172236,0.00029929,7.35E-05,0.000160312,0.000261653,0.000261169,0.000252667,0.000260696,0.000222939,0.000109429,0.000310222,0.000176279,0.000278261,0.000438023,0.000573281,0.00044436,0.000315126,0.000288953,0.000115367,0.000254139,0.000784948,0.000507033,0.000280967,0.000347523,0.000422944,0.000375226,0.000276337,0.000323569,0.000358484,3.55E-05,0.000145215,0.000156428,0.000428871,0.000310652,0.000404617,0.000512561,0.000687904,0.000465218,0.000470294,0.001157373,0.000141598,0.000148637,0.000178512,0.000685525,0.000381769,0.001135535,0.000498285,0.000719133,0.000989923,0.001233409,0.00166802,0.000684406,0.000344105,0.00047644,0.000475218,0.000565334,0.000842986,0.000389252,0.000144547,0.000284559,0.000350619,7.28E-05,0.000936807,0.000349706,0.000431073,0.000160152,0.000297957,0.000581329,0.000351237,0.000287809,0.000298907,0.000252596,0.000274256,0.000138071,0.000135773,0.000222905,4.58E-05,0.000111272,0.000144617,8.05E-05,0.000161206,0.000222985,0.00041834,9.49E-05,0.000827489,0.000341976,0.000593385,0.000391599,0.000255627
'hsa-let-7e(1)',0.003090566,0.000752137,0.002694163,0.005113895,0.001696573,0.004051271,0.000679992,0.001871973,0.001612069,0.00054899,0.004831431,0.000493955,0.006080081,0.005457114,0.002115014,0.006865623,0.005851576,0.004216521,0.002286137,0.007663254,0.003953187,0.005232994,0.006521354,0.012269419,0.004399577,0.008574428,0.007877831,0.00576861,0.010711254,0.00948737,0.004477775,0.00401659,0.003000836,0.005031602,0.001908802,0.008926354,0.007671599,0.007872448,0.007936112,0.011026619,0.010078061,0.006259974,0.005538171,0.010380789,0.01387561,0.009334014,0.012517383,0.015101679,0.026717752,0.008683106,0.012168499,0.014946268,0.010796015,0.012211655,0.01794853,0.009210918,0.00465894,0.007998025,0.006592953,0.005412092,0.010781612,0.009097624,0.002288544,0.006956029,0.004693149,0.00755197,0.00649672,0.00574172,0.005643275,0.004862328,0.003951618,0.00170871,0.005253743,0.004966808,0.001601742,0.001745586,0.002175003,0.002949151,0.002186332,0.001611364,0.000571261,0.00233234,0.001662691,0.000696861,0.001727673,0.00209445,0.001895689,0.000427173,0.002149958,0.00134722,0.001404366,0.001801611,0.001858609,0.003216423,0.000254027,0.00072484,0.001652963,0.00287843,0.001876813,0.002838034,0.003909782,0.009626905,0.007282837,0.005138167,0.006750067,0.003615486,0.002686635,0.005762299,0.005716699,0.001825926,0.002958356,0.00166868,0.001606611,0.003825591,0.000481496,0.001269865,0.001206291,0.001983612,0.000718453,0.000661489,0.003653288,0.002843473,0.000974856,0.002369196,0.002601201,0.001733641,0.001088746,0.001481175,0.001394433,0.001607093,0.001523067,0.001110506,0.001994419,0.003092759,0.001393597,0.000720948,0.004923017,0.000961231,0.000475192,0.001860378,0.002057925,0.000813337,0.001299791,0.001333811,0.001249325,0.001288596,0.001717595,0.001077499,0.001583521,0.001928646,0.002871339,0.000571029,0.002003547,0.001585513,0.000441016,0.001958959,0.002299092,0.001099809,0.001413653,0.001015738,0.003430195,0.003019707,0.001216508,0.003219254,0.003058894,0.002003801,0.002621634,0.000944802,0.003659335,0.002585299,0.002066789,0.000984263,0.001666544,0.002863929,0.000917414,0.001931191,0.000623459,0.001254033,0.003493366,0.001358948,0.001431717,0.00747793,0.00210298,0.002325138,0.000513972,0.004792133,0.004514296,0.003186382,0.003661359,0.003012632,0.001643158,0.00298343,0.001266635,0.003566916,0.003099783,0.00305467,0.0014368,0.00248551,0.004039188,0.002454559,0.002589437,0.004308758,0.003724132,0.002435643,0.000569726,0.002684914,0.001181923,0.003648062,0.001565011,0.000663452,0.002330028,0.002606098
'hsa-let-7eSTAR(1)',2.75E-05,1.20E-05,8.40E-06,2.99E-05,6.93E-06,1.99E-05,0,6.08E-06,2.76E-05,7.22E-06,0,0,5.24E-05,2.71E-05,6.30E-06,4.48E-05,1.28E-05,4.16E-05,1.95E-05,6.37E-05,1.95E-05,5.28E-05,0.000101529,5.56E-05,5.35E-05,4.29E-05,3.37E-05,4.92E-05,9.80E-05,7.09E-05,5.84E-05,3.54E-05,1.33E-05,5.98E-05,5.08E-05,0.000115571,6.74E-05,0.000311451,6.32E-05,0.000100104,9.51E-05,9.48E-05,5.87E-05,7.99E-05,8.07E-05,9.24E-05,0.000151998,6.65E-05,0.000114469,5.20E-05,6.22E-05,0.000133158,8.30E-05,9.93E-05,7.73E-05,2.22E-05,7.41E-06,2.79E-05,2.57E-05,5.44E-05,3.46E-05,2.88E-05,8.04E-06,3.84E-05,3.58E-05,5.19E-05,4.46E-05,3.26E-05,1.94E-05,4.44E-05,5.19E-05,3.34E-05,4.34E-05,4.12E-05,1.10E-05,0,1.50E-05,1.46E-05,2.14E-05,2.87E-05,0,2.29E-05,1.81E-05,1.28E-05,7.70E-05,1.36E-05,2.27E-05,0,1.62E-05,1.71E-05,1.48E-05,2.18E-05,1.78E-05,2.40E-05,0,1.11E-05,2.27E-05,3.12E-05,2.81E-05,6.94E-05,2.01E-05,6.00E-05,8.22E-05,5.17E-05,0.000135178,2.94E-05,3.04E-05,6.29E-05,2.95E-05,0,0,4.25E-05,1.59E-05,3.39E-05,9.47E-06,1.19E-05,4.57E-05,1.64E-05,1.96E-05,0,9.80E-06,3.13E-05,2.46E-05,0,0,0,6.87E-06,1.58E-05,1.12E-05,1.52E-05,1.34E-05,1.35E-05,1.56E-05,6.20E-05,3.07E-05,5.06E-05,0.00012397,3.12E-05,2.54E-05,2.14E-05,3.97E-05,0,2.62E-05,0.000124851,5.47E-05,4.03E-05,2.73E-05,0,4.41E-05,2.45E-05,3.25E-05,1.19E-05,1.32E-05,6.82E-06,1.86E-06,0,5.46E-05,1.25E-05,9.07E-06,1.16E-05,2.20E-05,4.21E-05,0,2.53E-05,1.18E-05,1.74E-05,3.76E-05,9.79E-06,2.55E-05,2.89E-05,4.23E-06,1.54E-06,1.88E-05,5.09E-05,1.77E-05,7.47E-06,0,1.41E-05,4.80E-05,4.81E-05,1.89E-05,3.87E-05,2.66E-05,3.12E-05,0,5.20E-05,8.19E-05,6.22E-05,3.12E-05,5.40E-05,4.40E-05,7.08E-05,2.74E-05,2.59E-05,5.53E-05,4.64E-05,2.76E-05,2.28E-05,4.34E-05,8.58E-06,3.62E-05,5.53E-05,3.22E-05,4.64E-05,1.04E-06,2.63E-05,4.46E-06,1.85E-05,6.39E-06,2.15E-05,3.01E-05,1.97E-05
'hsa-let-7f(2)',0.043875822,0.026646313,0.051061988,0.054446475,0.08255708,0.072230034,0.03098417,0.049932589,0.064652479,0.022769131,0.063037039,0.036569986,0.012208963,0.007977246,0.012449345,0.013891104,0.018155017,0.014809819,0.003853697,0.013484821,0.011653454,0.012442926,0.004784606,0.021525653,0.012125191,0.01411246,0.017650143,0.015946649,0.025225381,0.020986084,0.016728483,0.012915451,0.013456126,0.005581752,0.011294409,0.021197505,0.019121853,0.017299579,0.03634847,0.022670087,0.052121581,0.030728569,0.022726707,0.029060559,0.051790547,0.026637019,0.029938312,0.02151397,0.021913226,0.037331184,0.004679235,0.026069491,0.022852875,0.023208689,0.02780582,0.029972065,0.037266667,0.033647703,0.01489238,0.034343848,0.025826883,0.018680166,0.023644284,0.013320912,0.018093663,0.020735632,0.021878578,0.023006207,0.016861718,0.027305278,0.029542342,0.004069419,0.018697939,0.01218333,0.020172984,0.007161817,0.013092097,0.00840984,0.013216398,0.015511479,0.002413948,0.018958397,0.006920768,0.008757055,0.018856945,0.011319215,0.011675351,0.002410677,0.013355513,0.007506337,0.015254095,0.009225034,0.018901255,0.030473505,0.014832819,0.013568989,0.030826501,0.022133587,0.03241074,0.024582774,0.023496265,0.026051633,0.042850128,0.05251268,0.041103142,0.016674523,0.017775713,0.034915091,0.027037255,0.00440629,0.00664105,0.003645273,0.007473572,0.023921365,0.006939998,0.004973014,0.009335165,0.007220534,0.005820053,0.004630426,0.010004917,0.008643086,0.008091969,0.00551929,0.008063611,0.002130322,0.003181778,0.00379152,0.00308914,0.007348373,0.003027684,0.006254447,0.007618438,0.01319832,0.009508772,0.003187349,0.021755132,0.012122791,0.001909033,0.010105326,0.008812959,0.002261193,0.007443439,0.00901118,0.006498865,0.015319023,0.006380518,0.004081607,0.007951563,0.005867488,0.006894836,0.004084851,0.005923675,0.015827421,0.021641739,0.01182041,0.022692416,0.022696258,0.032817456,0.033491069,0.020072709,0.064204743,0.02674012,0.017045092,0.018798934,0.015883332,0.026279471,0.004489409,0.039773612,0.041849814,0.029762898,0.043331542,0.03497706,0.037891034,0.027620001,0.02459504,0.014032526,0.02395233,0.059962874,0.049916954,0.008607576,0.038462699,0.029487152,0.023749557,0.001365808,0.048507837,0.024026468,0.026400212,0.017854312,0.013873624,0.026692008,0.016440478,0.013037487,0.027523064,0.025162785,0.019030053,0.006626512,0.009295104,0.023224415,0.007411915,0.01329618,0.016384625,0.01001801,0.011998646,0.01537375,0.025986801,0.020027906,0.044057351,0.030953691,0.028139647,0.030886707,0.03087326
'hsa-let-7f-1STAR(1)',0,1.20E-05,4.20E-06,2.13E-05,2.08E-05,3.98E-05,8.40E-06,6.08E-06,6.91E-06,0,4.18E-05,1.40E-05,2.95E-06,5.16E-06,6.93E-06,8.29E-06,2.10E-05,5.25E-06,2.30E-06,4.84E-06,8.72E-06,1.34E-05,1.38E-05,4.68E-06,5.99E-06,7.22E-06,8.80E-06,1.83E-05,8.23E-06,1.45E-05,1.83E-05,6.94E-06,1.43E-05,9.68E-07,9.87E-06,3.43E-05,1.82E-05,8.67E-06,4.52E-06,7.22E-06,1.41E-05,6.56E-06,5.28E-06,3.19E-06,1.19E-05,3.48E-06,1.85E-05,4.58E-06,2.79E-06,2.09E-05,6.48E-06,7.66E-06,4.89E-06,4.18E-06,8.72E-06,1.47E-05,5.04E-06,9.01E-06,4.19E-06,6.98E-06,1.10E-05,3.68E-06,9.79E-06,3.49E-06,1.17E-05,1.05E-05,5.65E-06,2.06E-05,4.88E-06,1.17E-05,2.08E-05,2.97E-05,8.33E-06,1.01E-05,1.91E-05,0,5.26E-06,0,3.45E-06,4.35E-06,0,3.92E-06,3.88E-06,0,1.67E-05,2.29E-06,4.49E-06,0,4.36E-06,6.40E-06,9.20E-06,3.81E-06,1.35E-05,1.09E-05,0,9.91E-06,1.19E-05,3.39E-06,1.62E-05,1.30E-05,1.49E-06,3.63E-06,1.32E-05,6.56E-06,1.37E-05,5.41E-06,7.75E-06,6.70E-06,1.00E-05,0,0,0,0,7.42E-06,0,5.94E-06,2.81E-05,5.47E-06,4.53E-06,0.000330745,3.92E-06,5.54E-06,3.22E-06,0,0,0,0,3.60E-06,1.18E-06,6.71E-06,6.68E-06,0,0,1.16E-05,2.68E-05,0,1.18E-05,2.41E-05,6.36E-06,8.35E-06,7.52E-06,0,1.18E-05,1.39E-05,1.11E-05,4.11E-06,1.01E-05,0,8.39E-06,3.98E-06,7.65E-06,5.37E-06,2.72E-06,1.58E-05,2.51E-05,1.23E-05,2.29E-05,8.91E-06,4.12E-05,2.58E-05,1.79E-05,7.65E-06,9.04E-06,4.22E-06,0,5.61E-06,2.58E-05,2.80E-06,1.59E-05,1.25E-05,3.49E-05,6.56E-05,3.76E-05,4.51E-05,1.55E-05,1.62E-05,2.11E-05,9.41E-06,1.53E-05,1.43E-05,0,8.92E-06,1.24E-05,7.54E-06,0,3.09E-05,1.01E-05,1.17E-05,5.72E-06,6.23E-06,2.72E-05,1.76E-05,0,1.26E-05,1.19E-05,8.29E-06,5.07E-06,5.48E-06,1.20E-05,2.86E-06,6.47E-06,1.90E-05,7.32E-06,1.02E-05,7.81E-06,1.31E-05,4.46E-06,3.20E-05,7.46E-06,1.14E-05,2.69E-05,1.57E-05
'hsa-let-7f-2STAR(1)',2.75E-05,1.20E-05,5.60E-05,2.99E-05,4.16E-05,0.000112875,5.32E-05,3.04E-05,6.22E-05,5.05E-05,4.18E-05,9.77E-05,3.31E-05,2.96E-05,1.05E-05,1.38E-05,2.59E-05,1.89E-05,4.48E-06,2.12E-05,1.04E-05,3.15E-06,4.35E-06,1.66E-05,1.01E-05,3.13E-05,3.67E-05,9.43E-06,3.47E-05,1.30E-05,4.52E-06,1.06E-05,7.33E-06,1.33E-05,8.46E-06,1.52E-05,2.47E-05,1.73E-05,1.60E-05,3.82E-05,2.79E-05,2.41E-05,1.81E-05,2.72E-05,3.29E-05,3.89E-05,2.97E-05,1.60E-05,6.51E-06,3.32E-05,7.67E-06,3.13E-05,3.24E-05,1.83E-05,2.67E-05,6.81E-06,2.36E-06,1.46E-05,8.01E-06,1.23E-05,9.44E-06,9.81E-06,1.17E-05,1.31E-05,1.31E-05,2.08E-05,3.97E-06,1.78E-05,1.25E-05,1.59E-05,5.29E-05,2.97E-05,1.55E-05,1.84E-05,1.25E-05,0,1.80E-05,1.51E-05,6.21E-06,3.50E-05,0,3.13E-05,2.85E-05,1.51E-05,4.49E-05,2.33E-05,1.95E-05,1.90E-05,2.37E-05,7.68E-06,5.50E-05,3.68E-05,0.0001023,5.24E-05,2.41E-05,1.41E-05,0.000145984,3.24E-05,5.54E-05,5.24E-05,1.78E-05,4.26E-05,0.000104173,6.89E-05,9.62E-05,3.43E-05,3.04E-05,4.54E-05,5.46E-05,4.63E-05,0,4.25E-05,4.15E-05,3.29E-05,6.35E-05,4.16E-05,6.14E-05,3.83E-05,2.20E-05,0,3.53E-05,3.44E-05,3.93E-05,6.70E-05,0,0,6.87E-06,6.76E-06,2.12E-05,0.000112805,2.01E-05,0,9.38E-05,5.04E-05,7.66E-05,0,5.67E-05,0.000144686,7.88E-05,2.20E-05,3.47E-05,5.38E-05,5.06E-05,6.24E-05,5.46E-05,4.85E-05,4.60E-05,6.04E-05,1.86E-05,2.12E-05,0.000114229,1.23E-05,2.37E-05,3.11E-05,2.61E-05,1.23E-05,8.62E-05,2.67E-05,7.92E-05,0.00011832,0.000125251,6.24E-05,2.86E-05,5.87E-05,2.36E-05,3.66E-05,0.000131303,2.24E-05,0.000118833,8.52E-05,8.88E-05,0.000358287,6.74E-05,0.000102847,7.53E-05,3.26E-05,0.000121224,1.65E-05,7.40E-05,7.60E-05,3.97E-05,8.83E-05,7.75E-05,3.64E-05,8.09E-06,9.89E-05,5.05E-05,3.33E-05,4.45E-05,2.57E-05,4.73E-05,8.10E-05,9.59E-05,7.32E-05,3.39E-05,4.46E-05,1.13E-05,1.96E-05,5.14E-05,2.00E-05,1.90E-05,6.92E-05,3.66E-05,1.88E-05,1.39E-05,1.79E-05,1.87E-05,2.70E-05,9.06E-06,3.29E-05,5.21E-05,3.93E-06
'hsa-let-7g(1)',0.011422087,0.014590474,0.011587239,0.016739393,0.023201554,0.009753103,0.016244552,0.014864696,0.013516073,0.011194147,0.020990873,0.011794329,0.00559177,0.003024154,0.005873808,0.007174191,0.011674601,0.006486149,0.001439466,0.011104631,0.005355995,0.006088009,0.002816834,0.008037043,0.006917072,0.011168859,0.012355786,0.008049,0.010234384,0.012170985,0.008178037,0.007929974,0.006352471,0.003595742,0.007517383,0.009700575,0.007840005,0.013701602,0.012755423,0.010110893,0.016557887,0.016030962,0.006304242,0.012534001,0.011155472,0.009949123,0.014774884,0.007613962,0.011916851,0.016844028,0.001863089,0.02115977,0.009804757,0.014553302,0.014385915,0.011901,0.014293989,0.012512652,0.00757665,0.011529525,0.010071742,0.013200711,0.010543211,0.006067267,0.00923232,0.010829162,0.012367481,0.013587561,0.009101324,0.012922908,0.013987229,0.0024095,0.011207922,0.007754146,0.007034175,0.0028791,0.003416772,0.003556708,0.004155217,0.004643787,0.001059258,0.005619401,0.002217667,0.001405041,0.004953147,0.003724381,0.004093871,0.000560071,0.004922335,0.002898054,0.004115264,0.002677402,0.004557703,0.008371107,0.003321292,0.003312407,0.003079606,0.003208922,0.004250415,0.004980227,0.003320243,0.007894223,0.009469499,0.005308013,0.008419068,0.00246619,0.004161262,0.00697341,0.006955282,0.004119325,0.004201738,0.001836864,0.002698143,0.005526528,0.005447542,0.001845397,0.002380947,0.003135519,0.00260588,0.002645958,0.006397657,0.003985478,0.002831267,0.00370785,0.005698849,0.002378248,0.002069832,0.00257306,0.00297482,0.002162741,0.001846062,0.003379009,0.004726233,0.003863506,0.005819722,0.002251381,0.00808655,0.005322512,0.003716035,0.006883264,0.006055037,0.001915092,0.00499398,0.006784282,0.004354662,0.005702175,0.004553869,0.004665874,0.005823486,0.002925533,0.003911768,0.005006292,0.002796374,0.00866269,0.007360726,0.006529433,0.010325138,0.010168145,0.010426306,0.004415242,0.012641367,0.016139337,0.010562977,0.003346866,0.004570519,0.004135035,0.010386682,0.00219541,0.009961437,0.01376182,0.007326446,0.009338996,0.006542991,0.008687355,0.007666141,0.008565531,0.004752273,0.008424972,0.01387159,0.016868772,0.004476262,0.015440851,0.007302739,0.006385925,0.000859766,0.015198804,0.011978314,0.008149633,0.007596856,0.005055184,0.010022523,0.009062988,0.008947991,0.007240791,0.004990938,0.007834327,0.003496468,0.003825674,0.006993574,0.003692367,0.005697313,0.006436409,0.00447753,0.004545585,0.009540791,0.010752266,0.012157551,0.007140536,0.014942574,0.010993454,0.008744868,0.011698674
'hsa-let-7gSTAR(1)',9.15E-06,1.20E-05,8.40E-06,4.27E-05,2.77E-05,1.99E-05,2.52E-05,6.08E-05,6.91E-06,7.94E-05,4.18E-05,6.98E-05,1.93E-05,5.80E-06,1.37E-05,1.20E-05,1.32E-05,7.24E-06,2.30E-06,3.99E-05,1.82E-05,1.81E-05,2.90E-06,1.58E-05,1.16E-05,3.12E-05,2.42E-05,2.14E-05,3.12E-05,2.78E-05,7.58E-06,2.00E-05,1.35E-05,1.86E-05,2.12E-05,2.25E-05,6.02E-05,5.06E-05,2.79E-05,2.39E-05,4.23E-05,4.86E-05,6.79E-06,4.09E-05,4.34E-05,4.32E-05,8.25E-05,1.79E-05,5.86E-05,4.25E-05,2.92E-06,6.18E-05,2.55E-05,3.92E-05,6.12E-05,2.44E-05,1.48E-05,2.30E-05,3.05E-05,2.34E-05,1.57E-05,5.27E-05,3.52E-05,1.83E-05,2.86E-05,4.09E-05,5.65E-05,2.16E-05,2.32E-05,3.36E-05,5.80E-05,3.71E-06,2.53E-05,4.01E-05,3.26E-05,4.45E-05,1.26E-05,3.67E-05,5.59E-05,3.72E-05,0,5.88E-05,3.36E-05,2.10E-05,6.49E-05,3.99E-05,5.22E-05,0,3.98E-05,1.49E-05,5.23E-05,1.39E-05,6.61E-05,5.55E-05,2.19E-05,2.73E-05,3.57E-05,4.48E-05,3.57E-05,5.44E-05,1.19E-05,8.93E-05,0.000120709,4.56E-05,0.000116365,4.65E-05,4.76E-05,5.69E-05,6.97E-05,0.000231423,0.000129115,0.000148648,2.55E-05,5.94E-05,4.64E-05,0.000106921,6.14E-05,3.01E-05,4.18E-05,0.000330745,0.000162636,9.22E-05,5.01E-05,0.000133961,0.000149645,0.000110189,6.64E-05,3.29E-05,2.82E-05,6.06E-05,0.000120321,6.76E-05,0.000109429,5.82E-05,0.000145621,5.06E-05,9.19E-05,5.97E-05,0.000150027,3.07E-05,7.63E-05,4.61E-05,5.97E-05,0.000196729,0.000110742,4.63E-05,0.000109139,0,4.37E-05,3.71E-05,7.46E-05,5.88E-05,1.53E-05,4.13E-05,3.35E-05,1.84E-05,7.57E-05,2.50E-05,5.44E-05,1.60E-05,0.000119745,7.26E-05,1.36E-05,7.04E-05,5.25E-05,4.86E-05,3.86E-05,9.79E-06,1.94E-05,5.56E-05,3.17E-05,6.33E-05,2.98E-05,1.89E-05,2.21E-05,3.55E-05,1.69E-05,1.65E-05,5.38E-05,3.87E-05,2.70E-06,8.79E-05,4.22E-05,1.33E-05,5.39E-06,2.91E-05,5.97E-05,4.49E-05,3.91E-05,4.55E-05,6.09E-05,8.58E-05,0.000137052,5.97E-05,3.54E-05,3.57E-05,1.76E-05,2.15E-05,2.29E-05,4.01E-05,3.11E-05,5.00E-05,4.10E-05,1.40E-05,3.13E-05,1.53E-05,1.87E-05,1.99E-05,2.34E-05,2.15E-05,2.69E-05,7.08E-05
'hsa-let-7i(1)',0.016444634,0.010047629,0.017353691,0.01882804,0.032340337,0.020729899,0.007940374,0.010260263,0.015794793,0.006895756,0.026724771,0.011015561,0.003161152,0.002377454,0.004105498,0.004614855,0.007529804,0.004770849,0.00218078,0.007923611,0.005224703,0.006778896,0.003157726,0.010281509,0.005831846,0.00818508,0.007174565,0.015849146,0.011419981,0.007805132,0.021316401,0.007282958,0.006430907,0.003254121,0.006863424,0.013545298,0.010518253,0.007300432,0.009248887,0.006696619,0.01308159,0.006536445,0.004320461,0.005867028,0.013771367,0.004980345,0.008494269,0.003835694,0.010356616,0.009807213,0.001248831,0.008068458,0.005237087,0.005481275,0.012206739,0.021948775,0.01417318,0.016774085,0.019164296,0.011346531,0.011490444,0.025814498,0.00485282,0.008859113,0.010026985,0.011092629,0.010071362,0.010178343,0.008897429,0.01241065,0.010221524,0.002974967,0.012013878,0.010470076,0.010084133,0.015767221,0.01127034,0.014040163,0.013197748,0.014105283,0.008110437,0.013968267,0.009565541,0.004762591,0.007042586,0.009922976,0.010411794,0.003803023,0.014504889,0.013774041,0.007394633,0.010609103,0.007367379,0.011067471,0.008580329,0.005193935,0.013410522,0.026416453,0.01595436,0.008790174,0.007597432,0.008352763,0.008877414,0.00713438,0.005576306,0.006190512,0.007474039,0.009799128,0.013576798,0.00884035,0.012911539,0.009396676,0.014148416,0.01650484,0.020184538,0.005853924,0.007229877,0.010075424,0.011525866,0.006945639,0.016407591,0.010640006,0.009584267,0.007506602,0.012682398,0.011955514,0.007034529,0.010660585,0.012829506,0.007047298,0.006577562,0.007083374,0.006831488,0.012933313,0.00495496,0.012066391,0.00845478,0.012602519,0.018026472,0.011045429,0.013044241,0.012136608,0.007714617,0.008492703,0.006792215,0.009043818,0.0064622,0.013644966,0.011612329,0.007034266,0.004393746,0.010374874,0.001775181,0.007904185,0.028887061,0.015298428,0.013939461,0.021663523,0.01854764,0.013212444,0.012907036,0.018421754,0.011306997,0.005195843,0.007525577,0.007157509,0.010835189,0.00581184,0.009658373,0.009599776,0.018851636,0.022080593,0.02651564,0.025877274,0.092147811,0.017834057,0.013087286,0.027242953,0.010899586,0.009249591,0.00648618,0.011037667,0.009733263,0.006837258,0.004372333,0.012120077,0.0057173,0.00515377,0.005113136,0.003615384,0.008546306,0.005020892,0.007195233,0.005603255,0.00490199,0.006299145,0.002876605,0.0032835,0.009626013,0.003364761,0.003507781,0.00380603,0.003043307,0.00405475,0.007006704,0.016020039,0.008567214,0.017239972,0.01140079,0.008838987,0.007595058,0.010761899
'hsa-let-7iSTAR(1)',0.000100691,3.59E-05,0.000109176,0.000260345,0.000221711,0.00021911,0.000109175,0.000121675,7.60E-05,7.94E-05,0.000275728,0.000181498,3.53E-05,3.30E-05,7.02E-05,5.13E-05,6.71E-05,2.52E-05,6.14E-06,8.23E-05,9.67E-05,0.0001016,5.51E-05,0.000103026,3.12E-05,8.32E-05,0.000134804,0.000223702,0.000124278,0.000147184,0.000177816,0.000112022,6.89E-05,7.54E-05,0.000138219,0.0002288,0.000359422,6.65E-05,5.79E-05,5.38E-05,0.000143244,7.26E-05,2.68E-05,0.000102983,0.000154559,4.27E-05,0.000167545,4.54E-05,0.000139596,0.000222839,1.88E-05,7.44E-05,9.47E-05,5.34E-05,0.000187112,0.00015199,5.58E-05,0.000125458,0.000244345,0.000101848,0.000121157,0.000426907,7.94E-05,6.10E-05,0.000168833,0.000286831,0.000369628,0.000296186,0.000238078,0.000244071,0.000330401,0.000159422,0.000133251,0.00032095,0.000179009,0.000289474,0.000105693,0.000164531,0.000232002,0.000204755,0.000300387,0.000409631,0.000300048,0.000147647,0.000335374,0.000279384,0.000333789,0.000109166,0.000449156,0.000249515,0.00023728,0.000219172,0.000343684,0.000147297,0.000172763,0.000153086,0.000576202,0.000953865,0.000325223,0.00019763,0.000117373,0.000340075,0.000255629,7.61E-05,0.000266673,0.000201757,0.000339693,0.000228722,0.000808341,0.001064545,0.000871529,0.001083007,0.000519959,0.000361419,0.00030887,0.000237602,0.000561316,0.000585669,0.000338841,0,0.002233792,0.000485687,0.000385945,0.000267922,0.000860458,0.000697864,0.00026566,0.000229228,0.000293521,0.000691202,0.0010361,0.000614771,0.0008129,0.000566155,0.000337229,0.000455336,0.000198103,0.00042879,0.001337531,0.000341831,0.000786296,0.000461468,0.000879991,0.002320643,0.000655365,0.000252827,0.000651964,0.000604205,0.000209438,0.000346581,0.000517136,0.00028237,5.91E-05,0.00010451,0.000480458,0.00033697,0.000371375,0.000288757,0.000305145,0.000177793,0.000260136,0.00066147,0.000266738,0.000203345,0.000272356,0.000285052,0.000144602,4.75E-05,0.00012424,0.000372438,0.000169208,0.000612331,0.000877648,0.000435199,0.000797366,0.000120203,0.000248087,0.000479923,0.000239563,0.000178699,0.000286533,0.000419204,0.000126663,6.24E-05,5.66E-05,0.000101578,0.000155749,0.000114093,9.73E-05,0.000192974,0.000282958,0.000265227,0.000616734,0.000217672,8.47E-05,0.000168268,6.34E-05,9.18E-05,0.00027833,0.000128754,0.00012766,0.000313714,0.000224047,0.000127205,7.40E-05,9.25E-05,9.90E-05,0.000162086,6.66E-05,0.000144234,0.000102581,0.000361811
'hsa-miR-1(2)',0.003045072,0.002356408,0.000554277,0.002449801,0.003623587,0.014470135,0.003300441,2.43E-05,0.003703999,0.001520314,0.00245649,0.000572418,9.38E-06,0.000119493,5.29E-05,0.000109184,6.58E-05,6.24E-05,2.11E-05,6.57E-05,3.37E-05,0.000107113,2.18E-05,4.80E-05,1.76E-05,1.08E-05,4.66E-05,0.000181562,0.000130894,0.000209595,0.000722562,4.20E-05,0.000176702,8.28E-06,3.53E-05,0.000609766,4.76E-05,1.45E-05,3.07E-05,2.79E-05,0.0001919,4.34E-05,1.09E-05,0.000104556,2.42E-05,4.32E-05,2.91E-05,0.000155887,5.58E-06,0.00013993,1.88E-05,7.11E-06,7.97E-05,3.12E-05,4.22E-05,0.000527482,1.07E-05,0.000177517,0.000206226,0.000162164,1.26E-05,0.00027479,2.46E-05,0.003172671,0.00010445,0.000663612,5.15E-05,0.000421992,0.000159293,0.001573851,0.000185723,0.000181667,0.000496531,0.000326186,0.004367582,0.000345142,0.000637804,0.00029837,0.000398409,0.000632966,0.000537534,0.001032282,0.005354446,0.005681528,6.92E-05,0.005606774,9.72E-05,0.000142391,0.003530385,0.003347488,0.001331718,0.000267486,0.000792541,3.22E-05,3.94E-05,1.55E-05,0.000118848,1.43E-05,1.62E-05,0.00011824,8.62E-05,5.82E-05,0.000281001,0.000102395,2.38E-05,3.98E-06,9.96E-06,2.53E-05,5.00E-05,0,0,2.12E-05,7.66E-05,7.42E-05,5.21E-05,2.38E-05,1.31E-05,0.000484409,0.001341597,0,0.000197906,3.48E-05,7.01E-05,6.70E-05,3.74E-05,0.000404027,0.002542088,0.000526458,0.001131146,0.00013644,9.36E-05,0.000229695,0,0,1.53E-05,7.59E-05,1.56E-05,5.62E-05,1.27E-06,0.00054012,0.000228434,0.000207661,0.000224294,6.43E-06,0.000141112,0.000114577,0.000146477,0.00116813,0.000805854,1.39E-05,2.44E-05,0.000198793,1.92E-06,5.19E-05,2.79E-05,0.00074746,3.52E-05,0.00038501,0.000291949,2.54E-05,1.79E-05,7.65E-06,0.000131109,1.27E-05,0.000172682,1.85E-05,0.000178402,4.06E-05,2.75E-05,0.000210311,0.001142153,0.000332296,8.93E-05,2.91E-05,8.42E-05,8.66E-05,0.000273459,4.47E-05,2.18E-05,0.0001276,0.000113532,9.51E-05,1.74E-06,0.000560919,3.24E-05,0.000250649,0.000138445,2.18E-05,0.000597745,8.27E-05,0.000107898,7.62E-06,2.74E-05,1.74E-05,9.11E-06,0.000105551,6.77E-05,3.04E-05,0.000263872,4.01E-05,0.000110409,2.04E-05,3.95E-05,0.00024681,0.001021145,0.002171643,0.001333753,0.00916588,2.34E-05,3.16E-05,0.000646146,0.000629236
'hsa-miR-1-1STAR(1)',0,0,0,0,6.93E-06,6.64E-06,8.40E-06,6.08E-06,0,0,8.36E-06,0,0,2.76E-07,1.57E-07,0,0,0,0,9.98E-08,0,0,0,0,0,6.78E-08,0,2.75E-07,5.75E-08,0,0,2.44E-07,3.54E-07,0,0,1.24E-06,1.50E-07,0,0,2.01E-07,4.95E-08,0,0,0,0,0,0,0,0,1.41E-07,0,0,0,0,0,0,0,0,3.81E-07,0,0,1.23E-06,0,0,4.38E-07,2.88E-07,0,6.27E-07,8.61E-07,5.69E-07,2.05E-07,0,0,0,0,0,0,0,0,0,0,0,0,0,0,2.89E-06,0,0,7.72E-07,0,1.30E-06,0,0,0,0,0,0,0,0,0,0,0,0,0,0,0,0,0,0,0,0,0,0,0,0,0,0,0,1.01E-06,0,0,7.49E-08,0,0,0,0,0,0,1.18E-06,4.74E-07,0,0,0,0,0,0,0,0,0,0,0,0,9.04E-07,0,4.43E-07,0,0,0,4.20E-07,0,0,2.98E-07,0,0,0,0,0,0,0,0,0,0,0,0,0,0,0,0,0,0,0,0,0,0,0,0,0,0,0,0,0,0,0,0,0,0,0,0,1.31E-07,0,0,0,0,0,0,0,0,0,0,0,0,0,0,4.00E-07,0,2.74E-06,8.92E-07,5.69E-06,0,0,0,0
'hsa-miR-1-2STAR(1)',0,0,0,0,0,0,0,0,0,0,0,0,0,0,0,8.40E-08,0,0,0,0,0,0,0,0,0,0,0,0,0,0,0,2.44E-07,0,0,0,1.38E-07,0,0,0,0,0,0,0,0,0,0,1.20E-07,0,0,0,0,0,0,0,0,0,0,0,0,0,0,0,0,0,0,0,0,0,0,0,0,0,0,0,1.00E-06,0,0,0,0,0,0,0,0,0,1.10E-07,0,0,0,0,0,0,0,0,0,0,0,0,0,3.51E-07,0,0,0,0,0,0,0,0,0,0,0,0,0,0,0,0,0,0,0,0,0,0,0,0,0,0,0,0,0,0,0,0,0,0,0,0,0,0,0,0,6.68E-07,0,0,0,0,5.07E-07,0,0,0,0,0,0,0,0,0,0,0,0,0,0,0,0,0,0,0,0,0,0,0,0,0,0,0,0,0,0,0,0,0,0,0,0,0,0,0,0,0,0,0,0,0,0,0,0,0,0,9.70E-08,0,0,0,0,0,0,0,0,1.04E-06,0,0,0,0,0,0,0
'hsa-miR-100(1)',0.000457685,7.18E-05,0.000188958,0.001312393,0.000239032,0.000129474,0.000268738,0.00014601,0.00015203,2.89E-05,7.52E-05,0.000139614,0.000137583,0.000399139,0.000229004,0.000682384,0.002213706,0.002565547,0.000555478,0.000484109,0.001148168,0.006763743,0.002227847,0.001032891,0.000417003,0.004722217,0.000541322,0.005047868,0.001733608,0.002979678,0.004686801,0.001667871,0.003803254,0.000157412,0.001454824,0.004719882,0.000841245,0.000317478,0.000100334,0.001894022,0.001439607,0.000502218,0.000357163,0.000943717,0.000301266,0.000364698,0.001301055,0.000168267,0.000360157,0.000711847,0.000460534,0.001170582,0.000518202,7.99E-05,0.00111202,0.0031842,8.46E-05,0.004013449,0.001041802,0.002578012,0.000557008,0.002775506,0.00080894,0.001233895,0.0003926,0.003383759,0.004005037,0.003488175,0.002619213,0.00237888,0.00134699,0.001653542,0.002125133,0.003392753,0.000561847,0.002574651,0.002792972,0.003523329,0.001844508,0.004103398,0.002389918,0.00404837,0.006546372,0.00402988,0.004032563,0.008046299,0.00149319,0.001696824,0.003659477,0.006490737,0.004867727,0.002140044,0.002319289,0.002926037,0.001178725,0.001441307,0.001541396,0.001142716,0.000199423,0.000328632,0.00033429,0.000158267,0.000229233,0.000283041,0.000288871,1.84E-05,0.000497921,0.000465872,0.000119555,0.000462846,0.00083925,0.004990325,0.00368597,0.001302061,0.000805809,0.002886867,0.005122832,0.003600223,0.00259719,0.002315213,0.003143964,0.00349561,0.001409485,0.002420867,0.000972691,0.002791457,0.006958679,0.005476019,0.008588003,0.002706142,0.001798134,0.003833872,0.00040645,0.000511866,0.003579221,0.007702759,0.000832802,0.008302038,0.00515369,0.00191212,0.006525612,0.000969083,0.002250172,0.00237889,0.001364397,0.001395095,0.002095189,0.008952306,0.008289178,0.000429747,0.000751568,0.002622367,0.000306134,0.005063539,0.001770059,0.006607671,0.004269052,0.004470392,0.006175468,0.001156591,0.001977863,0.000535294,0.002579225,0.001998447,0.000398405,0.001494182,0.001382188,0.003610725,0.000733565,0.002780531,0.011910117,0.005681632,0.004666423,0.002937229,0.00363023,0.003390288,0.005659481,0.002080841,0.008739609,0.001189751,0.002901819,0.001308155,0.001198385,0.002356722,0.002128174,0.001288944,0.000473223,0.000558093,0.000681743,0.000362502,0.001597004,0.000129087,0.000904544,0.000265878,0.000255184,0.000981627,0.00176849,0.004696172,0.005682879,0.003124421,0.002020572,0.001780933,0.001027249,0.002559699,8.70E-05,0.000567277,0.000186779,0.000208294,0.000177647,0.002801812,0.008881391,0.010392223
'hsa-miR-100STAR(1)',0,0,0,0,0,0,0,0,0,0,0,0,3.69E-07,2.76E-07,0,3.78E-07,1.97E-06,3.50E-06,5.76E-07,4.99E-07,5.31E-06,2.36E-06,0,0,0,3.73E-06,4.63E-06,7.42E-06,1.21E-06,2.18E-06,1.99E-06,3.41E-06,6.73E-06,2.15E-07,0,3.58E-06,8.98E-07,0,0,2.01E-07,6.94E-07,0,0,3.70E-07,1.71E-07,0,3.59E-07,0,0,5.63E-07,0,2.73E-07,4.32E-07,3.63E-07,0,2.49E-06,0,2.76E-06,0,9.48E-07,0,0,0,0,1.25E-07,5.75E-07,3.77E-06,1.52E-06,8.61E-07,5.69E-07,1.02E-06,0,6.09E-07,0,5.52E-06,0,0,0,0,9.78E-08,0,3.36E-06,0,3.95E-06,3.19E-06,5.99E-07,0,0,3.62E-06,0,2.33E-06,0,1.72E-06,1.13E-06,1.09E-05,1.76E-06,2.09E-06,1.36E-06,0,0,0,0,0,0,3.98E-07,0,0,1.85E-07,0,0,0,0,0,1.06E-06,2.84E-06,0,9.37E-07,0,0,0,0,7.49E-07,3.02E-07,0,0,0,0,0,2.35E-06,3.79E-06,0,0,0,0,7.66E-06,2.53E-05,1.56E-06,1.23E-05,0,1.34E-06,3.22E-06,0,9.04E-07,1.84E-06,4.43E-07,1.30E-06,0,0,4.62E-06,0,0,5.97E-07,1.60E-07,8.33E-06,0,0,0,0,1.65E-06,3.13E-07,0,0,0,9.05E-07,2.19E-07,1.77E-06,1.78E-06,0,2.90E-07,0,0,6.95E-06,1.57E-06,0,3.54E-05,8.10E-06,1.13E-05,0,6.13E-06,0,0,0,2.89E-06,1.08E-06,0,4.04E-07,9.73E-07,4.66E-07,2.63E-07,0,0,0,0,3.48E-07,2.99E-07,5.82E-07,1.16E-06,5.67E-07,1.20E-06,5.72E-06,1.73E-06,6.17E-07,1.46E-06,3.20E-06,0,1.64E-06,0,0,0,0,8.96E-06,0
'hsa-miR-101(2)',0.012906727,0.012762882,0.009561274,0.015471301,0.013462005,0.012894272,0.013688852,0.004927846,0.013482281,0.009295379,0.006508863,0.020760632,0.004141158,0.013898766,0.015382326,0.005232189,0.005748469,0.004021034,0.004081178,0.004706832,0.011427836,0.003431557,0.000809335,0.00284023,0.002480848,0.00465276,0.015111802,0.032059238,0.009926747,0.006918706,0.007320746,0.009538685,0.010469715,0.010412486,0.003002733,0.001734253,0.01460538,0.005753538,0.007646207,0.004546617,0.008373451,0.005276184,0.001357201,0.00650921,0.004842234,0.003861616,0.002540204,0.008247355,0.002864507,0.013881298,0.001899619,0.009629236,0.011632553,0.004088032,0.004617374,0.004552986,0.004116657,0.005489048,0.000780684,0.003615004,0.000881142,0.002183602,0.004416143,0.001113558,0.001613386,0.003531441,0.004445578,0.004850118,0.003244402,0.013680465,0.013673804,0.000637689,0.004809494,0.002830959,0.017838695,0.021203994,0.008487444,0.01285405,0.010873727,0.021740522,0.001549362,0.018686345,0.010614187,0.014074356,0.017421987,0.017930279,0.033204685,0.001518836,0.032832042,0.023457848,0.031255879,0.014973023,0.01880719,0.029086572,0.051074428,0.02532059,0.026850908,0.031761312,0.025600719,0.015728747,0.003984737,0.014412934,0.0266988,0.019853649,0.01092384,0.016227142,0.016106652,0.02315588,0.023880936,0.015320187,0.027630694,0.015353213,0.023321618,0.016561671,0.011770208,0.023486977,0.031557883,0.010063109,0.010588642,0.00562266,0.008633408,0.016528175,0.010113471,0.020256821,0.032398103,0.011129096,0.01096075,0.008118892,0.009892673,0.011160458,0.010788806,0.016416404,0.014053794,0.0210602,0.023843592,0.005919362,0.037338268,0.023788801,0.008104014,0.022267115,0.010950137,0.005399176,0.005996238,0.020154734,0.021907855,0.018440365,0.021595237,0.015125269,0.02045863,0.011504099,0.011009936,0.004540301,0.167975196,0.012106073,0.014123225,0.0201753,0.011570705,0.006848184,0.017323144,0.013038962,0.00771463,0.023258515,0.024616792,0.015535169,0.025450233,0.023084712,0.035386028,0.002526948,0.02609471,0.012980346,0.024636662,0.019035553,0.018665691,0.020531489,0.010454353,0.007475637,0.014510262,0.008756237,0.004507451,0.019928324,0.002959936,0.0140941,0.007355724,0.017495443,0.000544856,0.024172252,0.033272283,0.016282786,0.018392025,0.008244052,0.015790948,0.011610186,0.009237308,0.010640483,0.007662698,0.024059811,0.019021807,0.013118652,0.011944107,0.011893971,0.026321341,0.015632611,0.010828944,0.007762702,0.008265026,0.012512956,0.010960668,0.009418023,0.003524701,0.012757134,0.007663446,0.014676926
'hsa-miR-101-1STAR(1)',3.66E-05,1.20E-05,2.52E-05,8.54E-05,9.01E-05,5.98E-05,5.88E-05,7.30E-05,6.91E-05,0.000158772,2.51E-05,0.000111691,0.000131823,0.00011802,0.000135607,4.88E-05,5.26E-05,8.34E-05,9.42E-05,0.000158637,0.000109584,3.70E-05,2.61E-05,5.09E-05,6.31E-05,0.000156395,9.10E-05,0.00013686,0.000118006,5.34E-05,6.38E-05,0.000104229,9.59E-05,0.000113999,4.65E-05,9.67E-05,0.000195273,1.73E-05,6.55E-05,3.03E-05,7.52E-05,3.67E-05,2.38E-05,7.43E-05,5.02E-05,5.79E-05,5.05E-05,6.60E-05,2.79E-05,8.93E-05,1.43E-05,4.37E-05,5.86E-05,2.25E-05,5.38E-05,2.57E-05,1.95E-05,3.64E-05,1.07E-05,2.69E-05,1.73E-05,4.29E-05,6.93E-05,1.13E-05,4.91E-05,3.28E-05,4.02E-05,4.50E-05,6.54E-05,5.01E-05,7.34E-05,1.11E-05,3.29E-05,4.37E-05,7.17E-05,5.57E-05,2.71E-05,4.88E-05,2.07E-05,4.75E-05,1.58E-05,5.99E-05,6.55E-05,0.000156288,0.000134128,4.15E-05,4.69E-05,0,8.13E-05,1.83E-05,9.51E-05,3.12E-05,7.76E-05,5.64E-05,6.12E-05,3.28E-05,6.46E-05,7.40E-05,5.96E-05,6.08E-05,2.67E-05,8.41E-05,0.000216369,0.000152273,0.00011955,4.86E-05,4.70E-05,6.93E-05,5.67E-05,4.63E-05,9.68E-05,0.000191119,8.61E-05,0.000254371,5.59E-05,0.000124741,7.22E-05,0.000150522,0.000107241,0,0.000197906,0.000251757,0.000156672,8.61E-05,0.000224467,3.67E-05,5.04E-05,6.85E-05,4.47E-05,0.000165181,4.68E-05,0.000121603,0.000140694,0.000108578,4.60E-05,2.53E-05,0.000860784,0.000190119,9.28E-05,0.00012151,0.000253505,0.000115367,0.000271323,0.000402517,0.000199507,0.000252827,0.000180942,0.000140981,0.000216573,6.16E-05,0.000118052,2.36E-05,8.92E-05,0.000102616,5.40E-05,6.13E-06,1.41E-05,7.13E-06,4.54E-05,3.79E-05,2.62E-05,5.74E-05,2.26E-05,2.59E-05,5.03E-05,3.96E-05,6.05E-05,6.99E-06,4.81E-05,5.67E-05,2.75E-05,0.000114281,6.74E-05,4.95E-05,8.86E-06,3.55E-05,5.07E-05,9.41E-06,1.97E-05,4.99E-05,2.70E-05,9.51E-05,4.74E-05,5.24E-05,1.08E-05,7.56E-05,0.000131738,0.000107253,8.28E-05,0.000118012,0.000104595,0.000148979,0.000205578,0.000132518,7.93E-05,5.32E-05,6.62E-05,3.57E-05,7.23E-05,0.00014306,6.64E-05,4.81E-05,5.56E-05,4.08E-05,5.73E-05,3.89E-05,4.55E-05,9.53E-05,2.56E-05,8.86E-06,5.62E-05,0.000110116
'hsa-miR-101-2STAR(1)',0,0,0,0,0,0,8.40E-06,0,0,0,0,0,3.10E-06,1.84E-06,1.42E-06,4.20E-07,0,1.75E-06,0,1.90E-06,7.58E-07,7.88E-07,1.45E-06,5.85E-07,2.80E-06,9.49E-07,2.48E-06,1.92E-06,1.38E-06,5.20E-07,7.97E-07,1.95E-06,1.42E-06,1.29E-06,1.41E-06,2.75E-07,2.99E-06,0,8.29E-07,0,8.42E-07,7.60E-07,3.77E-07,2.50E-06,1.03E-06,1.39E-06,9.57E-07,4.58E-07,0,4.22E-07,0,1.09E-06,8.63E-07,7.26E-07,1.16E-06,9.97E-07,6.30E-07,9.20E-07,0,1.21E-06,3.15E-06,0,1.51E-06,0,9.38E-07,0,0,4.48E-07,0,0,3.41E-07,0,4.06E-07,2.62E-07,0,0,0,2.01E-06,0,6.36E-07,0,5.60E-07,0,7.41E-07,8.79E-07,0,0,0,0,1.71E-06,0,0,0,1.26E-07,0,0,8.03E-07,2.72E-06,3.51E-07,3.75E-07,0,2.08E-06,2.66E-07,5.11E-07,7.96E-07,2.78E-07,0,0,0,0,0,0,0,1.06E-06,5.68E-06,0,9.37E-07,0,5.03E-07,0,0,3.00E-07,3.16E-07,0,0,0,0,0,0,1.74E-06,0,0,3.13E-05,0,7.66E-06,0,2.65E-06,1.75E-06,0,0,0,0,0,6.56E-07,1.27E-07,8.66E-07,0,2.01E-05,4.20E-07,0,9.56E-07,2.98E-07,2.60E-05,7.57E-07,0,0,0,0,8.25E-07,0,0,0,0,6.04E-07,1.31E-06,0,0,0,0,0,0,3.86E-06,0,0,0,0,0,4.71E-06,0,1.18E-06,0,4.25E-07,0,1.79E-06,0,5.38E-07,0,1.55E-07,1.31E-07,3.78E-07,2.20E-06,5.36E-06,0,3.48E-07,1.49E-07,1.00E-06,4.41E-07,7.55E-07,0,0,4.31E-06,1.03E-06,1.46E-06,1.20E-06,0,3.29E-06,8.92E-07,1.42E-06,5.33E-07,2.53E-06,8.14E-07,0
'hsa-miR-103(2)',0.032301967,0.061109203,0.029712592,0.02754105,0.025940168,0.032006611,0.055010204,0.025770811,0.04457003,0.047139694,0.031187896,0.033004798,0.024221634,0.02338052,0.026067446,0.0232697,0.017292858,0.032792736,0.071389276,0.039872395,0.026461269,0.031203383,0.020842551,0.014207975,0.045500054,0.021837056,0.03613719,0.014335681,0.031474983,0.024080596,0.01389182,0.033931383,0.021783444,0.02430064,0.013902274,0.012918993,0.042368876,0.013047222,0.022517482,0.021285618,0.013181544,0.011313566,0.035294389,0.022337424,0.023467789,0.024460955,0.007879803,0.010993879,0.006634544,0.005742045,0.022497304,0.015828985,0.008302761,0.012848521,0.004863371,0.028089292,0.044379275,0.014735816,0.008210334,0.008419529,0.016572307,0.021308107,0.005159032,0.032750399,0.005498666,0.009861613,0.025778368,0.018497734,0.01626162,0.008548157,0.014010842,0.005178108,0.007263512,0.011556435,0.021280145,0.003212052,0.008643756,0.005215855,0.00530958,0.006075796,0.001603853,0.004649952,0.001971434,0.003666483,0.003607826,0.001523973,0.006549463,0.000654998,0.010465709,0.002171423,0.003993254,0.002169757,0.005195483,0.002530168,0.022440252,0.005678664,0.00884703,0.017995791,0.010667165,0.01153113,0.009986595,0.029030256,0.012224474,0.033837392,0.011681588,0.006402084,0.008433495,0.008538612,0.015845773,0.018359231,0.01163136,0.008083477,0.004600971,0.013122193,0.004574303,0.004989646,0.013425836,0.008134615,0.006412878,0.005291915,0.01650917,0.012520524,0.017677557,0.006927699,0.014091304,0.006268289,0.001489389,0.005414024,0.002791489,0.005797497,0.00185161,0.004114235,0.014882327,0.01427735,0.004151437,0.003592091,0.030527635,0.008387252,0.009105891,0.010468815,0.014324829,0.00275358,0.012196113,0.023349906,0.012641009,0.018199158,0.009386963,0.00375292,0.010228266,0.004472974,0.003585064,0.004029242,0.009408535,0.010048695,0.006952374,0.001196794,0.002148448,0.001732544,0.001870735,0.007629433,0.001971449,0.004307815,0.001571767,0.004346427,0.010915385,0.010732133,0.002092279,0.001300532,0.002636259,0.003518979,0.001497489,0.00385429,0.00264288,0.003653342,0.001448548,0.012113833,0.001203785,0.001319787,0.01005131,0.00324799,0.000959614,0.005704348,0.004098719,0.004305169,0.00111307,0.005913578,0.01789655,0.019951308,0.011162898,0.014136734,0.008333306,0.012853465,0.00971699,0.010502768,0.022340091,0.00879148,0.009073669,0.006776269,0.00818243,0.009752827,0.004854254,0.008660177,0.010812338,0.002873576,0.028100941,0.014373034,0.023373522,0.02422374,0.0113716,0.004651755,0.003908382,0.00589649
'hsa-miR-103-1STAR(1)',0,0,2.10E-06,0,0,9.96E-06,0,6.08E-06,0,3.61E-06,0,0,2.28E-06,3.76E-06,3.23E-06,2.25E-06,1.32E-06,3.75E-07,2.69E-06,1.93E-06,2.09E-06,3.94E-07,7.25E-07,2.63E-06,1.60E-06,1.19E-06,4.38E-06,5.50E-07,1.06E-06,1.09E-06,3.99E-07,1.34E-06,5.32E-07,1.97E-06,7.05E-07,6.89E-07,3.22E-06,0,4.90E-07,6.02E-07,1.04E-06,7.13E-07,3.77E-07,7.40E-07,9.42E-07,2.32E-07,1.32E-06,2.29E-07,0,1.13E-06,6.48E-07,1.09E-06,1.30E-06,0,1.36E-06,8.72E-07,2.36E-07,6.44E-07,3.16E-07,3.45E-07,2.36E-06,4.29E-06,5.02E-07,1.74E-06,1.13E-06,2.88E-07,0,1.30E-06,8.61E-07,2.84E-07,8.86E-07,3.71E-06,2.03E-07,1.18E-06,0,0,0,5.03E-07,0,3.18E-07,0,0,0,0,2.20E-07,3.99E-07,0,0,1.68E-07,0,0,0,0,7.53E-07,0,0,5.62E-07,0,3.16E-07,1.88E-06,0,1.30E-06,9.33E-07,7.45E-07,8.96E-07,0,2.77E-07,9.25E-07,1.18E-06,0,0,0,0,2.12E-06,0,0,1.41E-06,0,5.03E-07,0,0,2.62E-07,1.01E-07,0,0,0,0,2.25E-07,1.18E-06,1.26E-06,0,0,0,3.88E-06,0,0,1.48E-06,2.78E-06,6.36E-07,3.34E-06,0,0,9.04E-07,5.91E-07,3.80E-07,1.30E-06,0,0,0,3.31E-07,9.56E-07,2.98E-07,6.41E-07,1.89E-07,0,0,0,0,0,1.57E-07,1.38E-06,0,0,0,0,0,1.27E-07,0,2.90E-07,1.42E-06,1.06E-06,1.93E-06,0,2.91E-06,0,0,0,0,3.40E-07,4.43E-07,1.35E-06,0,5.78E-07,8.97E-07,0,1.28E-06,8.92E-07,2.59E-07,7.23E-07,6.61E-07,7.34E-07,1.98E-06,0,9.58E-07,5.23E-07,1.45E-07,1.40E-07,0,2.41E-06,1.43E-06,8.63E-07,7.20E-07,7.32E-07,0,5.21E-07,5.48E-07,0,0,2.66E-07,1.90E-06,4.07E-07,3.93E-06
'hsa-miR-103-2STAR(1)',3.66E-05,0,3.57E-05,3.84E-05,2.08E-05,6.97E-05,3.36E-05,3.65E-05,6.91E-06,6.13E-05,1.67E-05,6.28E-05,2.59E-05,3.98E-05,2.36E-05,2.79E-05,1.32E-05,1.86E-05,2.64E-05,2.83E-05,4.99E-05,2.17E-05,2.39E-05,1.20E-05,2.24E-05,3.05E-05,6.92E-05,6.32E-06,2.58E-05,2.20E-05,1.08E-05,2.18E-05,1.26E-05,2.79E-05,9.17E-06,1.35E-05,4.12E-05,7.23E-06,3.43E-06,1.51E-05,8.84E-06,7.79E-06,1.36E-05,1.65E-05,6.77E-06,1.08E-05,1.18E-05,5.73E-06,8.38E-06,1.47E-05,1.56E-05,7.93E-06,1.08E-05,3.63E-06,1.88E-05,8.60E-06,7.96E-06,1.13E-05,1.21E-05,7.19E-06,1.81E-05,1.29E-05,3.01E-06,2.01E-05,1.40E-05,6.33E-06,4.39E-06,1.93E-05,8.18E-06,2.56E-06,8.86E-06,0,3.72E-06,1.74E-05,0,0,4.45E-06,1.91E-05,2.07E-06,5.99E-06,0,6.72E-06,1.42E-05,3.70E-06,4.39E-06,1.60E-06,3.99E-06,0,6.28E-06,6.61E-06,2.07E-06,4.86E-06,1.24E-05,6.28E-06,1.31E-05,3.26E-06,1.43E-05,3.33E-05,1.13E-05,7.88E-06,7.43E-06,1.45E-05,9.68E-06,7.09E-06,1.12E-05,7.08E-06,4.70E-06,5.64E-06,1.77E-05,0,0,0,3.19E-06,1.48E-05,1.89E-06,0,9.84E-06,2.74E-06,3.52E-06,0,5.88E-06,2.73E-06,2.72E-06,0,0,0,0,3.38E-06,1.41E-05,1.28E-05,1.34E-05,0,4.69E-05,3.88E-06,0,0,1.21E-05,1.33E-05,3.18E-06,6.68E-06,2.15E-06,0,6.33E-06,6.50E-06,2.79E-06,4.76E-06,8.62E-06,0,1.68E-06,2.98E-06,2.01E-05,9.85E-06,1.89E-05,1.42E-05,1.86E-06,0,0,0,8.25E-07,2.35E-06,0,0,0,4.83E-06,1.75E-06,7.44E-06,1.14E-06,0,2.32E-06,3.68E-06,1.06E-06,5.79E-06,1.57E-06,2.91E-06,0,5.61E-06,2.82E-06,0,5.10E-06,4.43E-07,1.35E-06,1.27E-06,6.36E-06,1.97E-06,0,4.37E-06,8.03E-06,4.92E-06,8.09E-06,8.97E-06,8.44E-06,1.41E-05,5.48E-05,4.27E-06,5.75E-06,7.26E-06,3.55E-06,8.88E-06,3.13E-05,4.29E-06,5.18E-06,6.89E-06,1.10E-05,1.20E-06,3.07E-05,6.57E-06,1.69E-05,1.99E-05,6.66E-06,6.96E-06,2.85E-06,3.93E-06
'hsa-miR-105(2)',0.00024715,0,0,2.56E-05,0.000138569,0,0,0,6.91E-06,0,1.67E-05,0,0.000128426,0.001056566,0.000230264,0.000674052,0.000300509,0.0007573,5.31E-05,0.001692927,1.90E-05,4.10E-05,0.000503296,0.000464201,0.000235663,5.98E-05,0.001406635,0.00030285,0.000227037,0.000462149,1.36E-05,0.00027348,0.000249899,0.000170353,0.00017771,0.000177558,0.000207244,0,0,0,1.49E-07,0,0,7.40E-07,0,1.55E-07,0,0,0,0,0,5.71E-05,2.88E-07,3.63E-07,3.87E-07,1.49E-06,0,5.52E-07,0,1.03E-06,0,0,1.51E-06,8.72E-07,2.00E-06,0,0,0,0,0,1.36E-07,0,2.71E-07,7.85E-07,0,0,0,0,0,3.91E-07,0,0,0,0,0,1.20E-06,0,0,0,8.53E-07,1.04E-06,0,0,5.02E-07,1.97E-05,0,0,1.29E-05,0,1.88E-07,0,0,2.20E-05,3.41E-07,5.57E-06,0.000149861,0,7.40E-07,0,0,0,0,9.57E-06,1.06E-06,0,0,0,0,1.51E-06,0,0,4.49E-07,6.90E-07,0,0,0,0,0,0,0,0,0,0,0,0,0,4.21E-06,8.77E-07,0,0,0,0,0,0,6.33E-08,0,0,0,4.20E-07,0,0,5.97E-07,2.40E-07,2.27E-06,2.79E-05,0.001108937,3.52E-06,8.91E-06,3.30E-06,2.19E-06,0.000174801,0,9.04E-06,0,0,0,3.56E-05,1.40E-06,8.69E-07,0,4.23E-06,0,0.000567337,5.82E-06,0.000447411,0.000733052,0.000239629,4.71E-06,0.000157213,0,0,2.55E-06,1.50E-05,3.59E-07,0,2.69E-07,1.62E-07,3.11E-07,2.63E-07,0,0,0,0.000287809,1.39E-06,2.99E-07,5.59E-06,6.81E-06,0,1.20E-05,0,0,8.23E-07,1.61E-05,1.60E-06,0,0.000579324,5.35E-06,1.42E-06,6.92E-06,0,9.93E-05,0
'hsa-miR-105STAR(2)',2.75E-05,0,0,4.27E-06,1.39E-05,0,0,0,0,0,0,0,2.22E-06,4.99E-05,5.20E-06,1.59E-05,1.32E-06,1.17E-05,1.54E-06,4.65E-05,3.79E-07,7.88E-07,1.45E-06,1.29E-05,5.99E-06,1.02E-06,2.92E-05,8.52E-06,4.89E-06,8.43E-06,3.99E-07,4.79E-06,4.79E-06,3.98E-06,4.23E-06,4.13E-06,7.03E-06,0,0,0,0,0,0,0,0,0,1.20E-07,0,0,0,0,1.37E-06,0,0,0,2.49E-07,0,1.84E-07,3.81E-07,4.31E-07,0,0,0,0,6.25E-08,0,0,0,0,0,0,0,0,0,0,0,0,0,0,0,0,0,0,0,0,0,0,0,0,0,0,0,0,0,0,0,8.03E-08,2.04E-06,0,0,0,0,9.77E-07,0,9.95E-08,5.27E-06,0,0,0,0,0,0,0,0,0,0,0,0,0,0,0,0,0,0,0,0,0,0,0,0,0,0,0,0,0,0,1.56E-07,0,0,0,0,0,0,0,0,0,0,0,0,0,0,0,0,0,9.31E-06,3.06E-05,0,0,0,0,8.26E-06,0,0,0,0,0,2.54E-06,0,0,0,0,0,4.39E-05,0,3.54E-05,3.05E-05,2.54E-05,0,2.04E-06,0,0,0,1.74E-06,1.44E-06,0,2.69E-07,0,0,0,0,0,0,0,0,0,9.70E-08,2.00E-07,0,0,0,0,0,0,0,0,1.31E-05,0,0,5.33E-07,0,8.14E-06,0
'hsa-miR-106a(1)',0.000393609,0.000622953,0.000116188,0.000133032,0.000575062,0.000185911,0.000491287,0.000137919,0.000479723,0.000472708,0.000338394,0.000671265,0.000273633,0.000379213,0.000906448,0.000369457,0.000435002,0.00035441,0.000646048,0.000416829,0.000466775,0.000360262,0.000256725,0.000310148,0.000494392,0.000515188,0.000493208,0.000139058,0.000100724,0.000479878,8.58E-05,0.000516013,0.000454324,0.00024524,0.000247172,0.000201565,0.000155358,1.04E-05,7.80E-06,7.29E-06,2.07E-05,1.28E-05,2.69E-05,6.87E-05,1.29E-05,1.38E-05,1.21E-05,4.60E-05,2.42E-05,2.63E-05,3.75E-05,1.44E-05,3.07E-05,1.68E-05,3.47E-05,2.19E-05,1.74E-05,1.16E-05,1.54E-05,1.53E-05,3.25E-05,3.62E-05,3.99E-05,0.000136618,2.40E-05,8.06E-06,1.54E-05,1.19E-05,6.82E-06,1.16E-05,7.61E-06,0,4.60E-06,8.64E-06,7.90E-06,2.78E-06,1.62E-06,4.53E-06,1.09E-05,8.16E-06,0,1.13E-05,6.90E-06,7.20E-06,5.40E-06,6.75E-06,1.11E-05,0,1.12E-05,1.36E-05,1.55E-05,7.63E-06,3.53E-05,2.70E-06,5.10E-05,0.000227502,6.18E-05,0.000330003,5.66E-05,1.32E-05,9.66E-06,3.72E-05,2.72E-05,9.78E-06,1.24E-05,6.73E-06,2.21E-06,1.18E-05,6.99E-06,0,0,0.000106177,1.59E-06,4.43E-05,3.39E-06,1.78E-05,1.59E-05,1.09E-05,5.70E-06,0,1.96E-06,2.99E-06,7.14E-07,1.27E-05,0,0,0,1.05E-06,5.19E-06,8.54E-06,0,6.76E-06,1.95E-05,3.62E-05,7.66E-06,5.06E-05,1.38E-05,1.38E-05,8.90E-06,4.67E-06,9.48E-06,0,9.34E-06,6.40E-06,3.20E-06,5.41E-06,1.53E-05,0,3.85E-06,2.10E-06,1.52E-06,4.14E-05,0.000337443,0.000268628,7.48E-05,2.96E-05,4.22E-05,1.69E-05,4.41E-05,0.000129563,5.05E-06,1.15E-05,7.55E-06,4.02E-06,4.08E-06,6.87E-06,7.83E-07,0,1.30E-06,6.80E-06,6.06E-05,0.00014723,6.53E-05,2.62E-05,4.21E-05,8.91E-05,2.40E-05,6.00E-05,7.49E-06,1.62E-06,1.81E-06,1.63E-06,0.000156739,3.47E-06,0,1.97E-06,6.08E-06,7.90E-06,5.74E-06,6.45E-06,2.42E-05,2.38E-05,0.000123347,5.28E-06,4.68E-06,7.11E-06,6.46E-06,2.93E-06,9.64E-06,1.24E-05,1.98E-05,9.94E-06,8.79E-06,4.80E-06,0.000321192,0.000490438,0.000258843,0.000106877,7.68E-05,5.50E-05,3.15E-05,4.59E-05
'hsa-miR-106aSTAR(1)',1.83E-05,0,4.20E-06,4.27E-06,6.93E-06,0,0,0,0,0,0,0,1.62E-06,4.33E-06,1.26E-05,1.11E-05,1.18E-05,2.00E-06,5.76E-07,2.69E-06,6.45E-06,3.94E-06,1.45E-06,2.34E-06,1.20E-06,4.74E-07,1.24E-06,1.43E-05,2.36E-06,7.59E-06,2.39E-06,4.87E-06,7.27E-06,2.58E-06,4.23E-06,3.44E-06,1.95E-06,0,7.53E-08,0,6.94E-07,2.85E-07,0,8.33E-07,1.71E-07,3.10E-07,0,0,0,7.03E-07,0,0,8.63E-07,0,3.87E-07,1.25E-06,3.15E-07,0,1.14E-06,1.72E-07,0,0,1.00E-06,0,3.13E-07,0,0,2.69E-07,4.31E-07,0,0,0,0,2.62E-07,0,0,0,0,0,7.34E-07,0,0,0,0,4.39E-07,0,0,0,7.38E-07,0,0,0,0,0,0,4.34E-06,1.61E-06,6.79E-06,7.02E-08,1.88E-07,0,3.63E-06,3.38E-06,4.68E-07,3.98E-07,2.78E-07,0,1.85E-07,0,0,0,0,0,0,0,0,9.37E-07,0,0,0,0,0,0,0,0,0,0,0,0,0,0,0,0,3.88E-06,0,0,0,2.92E-06,2.54E-06,6.68E-07,1.07E-06,0,0,1.31E-07,3.80E-07,0,0,0,8.39E-07,0,0,8.95E-07,1.43E-05,8.33E-06,0,0,1.76E-06,0,5.77E-06,5.01E-06,0,0,0,0,0,0,7.62E-07,0,0,1.70E-06,0,1.08E-05,1.57E-06,0,0,2.49E-06,1.41E-05,0,0,0,0,0,2.89E-06,0,0,0,1.62E-07,2.33E-07,5.26E-07,0,2.57E-06,0,2.74E-05,3.48E-07,1.49E-07,1.94E-07,4.01E-08,0,0,0,0,4.11E-07,0,0,5.21E-07,1.53E-05,1.78E-06,8.53E-06,4.79E-06,2.53E-06,0,0
'hsa-miR-106b(1)',0.016302752,0.037783273,0.025007538,0.011051119,0.03151294,0.021320035,0.023206634,0.009393327,0.026427275,0.036400861,0.023060925,0.03273604,0.012831466,0.034818312,0.015887886,0.018125744,0.009294983,0.009478478,0.043926907,0.024868755,0.029690522,0.019904724,0.004063108,0.008580006,0.011867241,0.010336657,0.02769646,0.006620792,0.006975156,0.017924946,0.006522369,0.023029985,0.01132302,0.034406601,0.008797698,0.003695899,0.007694071,0.001096222,0.001489489,0.001214055,0.001769739,0.001620108,0.003151766,0.001665763,0.001506441,0.001394111,0.001055717,0.0014078,0.0012517,0.001184512,0.001040576,0.001542942,0.001636331,0.001359772,0.001500772,0.002394971,0.001743978,0.000968066,0.00072503,0.001406285,0.003294843,0.001304433,0.000868125,0.000870554,0.001097697,0.001058952,0.001896776,0.001174928,0.00127348,0.001765102,0.00212021,0.000318844,0.000773303,0.000893216,0.004268756,0.000467612,0.000838661,0.000734855,0.001268072,0.001234458,0.000247687,0.002501436,0.000767794,0.000848641,0.001869109,0.000791954,0.005240519,8.07E-05,0.001732128,0.000926405,0.001871382,0.000888824,0.002038653,0.00199777,0.011793808,0.006044232,0.013612058,0.014645554,0.015142036,0.001964568,0.000600236,0.003697987,0.002212968,0.002077251,0.001788596,0.000998655,0.001695146,0.001613624,0.001579161,0.00467474,0.001839894,0.00199613,0.002036774,0.003903535,0.001496739,0.0021206,0.00301813,0.00209363,0.001757641,0.002976702,0.002702104,0.001874639,0.001319896,0.002971064,0.003179952,0.001983403,0.000423681,0.001038505,0.000735862,0.002467095,0.001256689,0.002128052,0.001614076,0.004092992,0.002034868,0.00063241,0.002931186,0.003302359,0.001529515,0.001587981,0.002404003,0.000461468,0.002047132,0.004997493,0.00198136,0.001952627,0.002544671,0.001349391,0.001748326,0.00124683,0.001158538,0.010322588,0.00716458,0.011721894,0.004285013,0.004169235,0.005115646,0.003162071,0.003311644,0.008217144,0.001843666,0.002370587,0.001333692,0.002391828,0.002487055,0.002650022,0.000791943,0.000325832,0.000898639,0.003635285,0.00603649,0.007604013,0.005902182,0.006925339,0.009989223,0.008136287,0.003539466,0.003373574,0.009138427,0.000866911,0.0006893,0.002663455,0.008400551,0.001164186,0.000105195,0.001517081,0.002313337,0.004272496,0.002845139,0.001357014,0.003021581,0.002609315,0.010313167,0.001959044,0.002013051,0.003616115,0.003004629,0.002339966,0.001954337,0.004523543,0.002634575,0.002261172,0.002866485,0.001530591,0.024972131,0.011882435,0.023533545,0.016586753,0.007580477,0.005179146,0.002852726,0.003802944
'hsa-miR-106bSTAR(1)',0.000540069,0.000932994,0.001146345,0.000413991,0.001586618,0.000989313,0.001301701,0.000620544,0.001057298,0.001060886,0.002431424,0.001954599,0.000551293,0.001322434,0.000491398,0.001319327,0.000516849,0.000466819,0.001341781,0.001614706,0.002060484,0.001359391,0.001058807,0.000708301,0.001272179,0.000862478,0.001218852,0.000302575,0.000338254,0.001302816,0.00040467,0.001353033,0.000732861,0.001504029,0.000849058,0.000175629,0.000489754,0.000505837,0.000107806,0.000214251,0.000150527,0.000207729,0.000295897,0.000181909,0.000194827,0.000179329,0.000146258,0.000303063,0.000457874,8.69E-05,0.000319305,0.000280535,0.000219023,0.000215007,0.000225465,0.000258633,8.37E-05,0.000108718,0.000175349,0.000131834,0.000483055,0.000268657,7.38E-05,0.000375837,7.21E-05,0.000328546,0.000448072,0.000210563,0.000308253,0.000172385,0.000171064,0.000344797,0.000181866,0.000293724,0.000773699,0.000183705,0.000167246,0.000441265,0.000301741,0.000284142,0.000358356,0.000343598,0.000332812,0.000121969,0.000158515,0.000280182,0.000867303,0.000213586,0.000314157,0.000419697,0.000383377,0.000278126,0.000351155,0.000267156,0.001124053,0.000643421,0.001756304,0.001545193,0.001710601,0.000206451,6.09E-05,0.000282963,0.000188479,9.78E-05,0.000109496,0.000237002,0.000445363,0.000162342,0.000268265,0.00050913,0.000193673,0.000828182,0.000280714,0.000655005,0.000213177,0.000166322,0.000352814,0.000259993,0.000249725,0,0.00066034,0.000243967,0.000237982,0.000507138,0.000411523,0.000257108,0.000190084,0.000254447,0.00061763,0.000281882,0.000360964,0.000222939,0.000703471,0.000539011,0.000260586,0.000455336,0.000438568,0.000668632,0.000573409,0.000306447,0.000297546,0.00013844,0.00025233,0.000578963,0.000256953,0.000230315,0.000416453,0.000543785,0.000209858,0.000211394,0.000418202,0.001379612,0.000477036,0.0008747,0.001454409,0.002634491,0.002451779,0.001458046,0.001472941,0.002322886,0.001269026,0.000634705,0.000510872,0.000428718,0.000412688,0.00040017,0.000477262,0.000492244,0.000726036,0.000986366,0.001890898,0.002810701,0.003079604,0.004025953,0.002781921,0.00220663,0.001939588,0.00161621,0.000706437,0.000405839,0.000700113,0.000647707,0.001014463,0.000208147,0.000180719,0.000380481,0.000192253,0.000210854,0.000195128,0.000115369,0.000231945,0.000182838,0.000986775,0.000174137,0.000110655,0.000233732,0.000126105,0.000262671,0.000413278,0.000243201,0.000133698,0.000307131,0.000326552,9.84E-05,0.001920379,0.000898554,0.002336742,0.001536969,0.000788889,0.000902096,0.000280876,0.000644967
'hsa-miR-107(1)',0.002280829,0.004164623,0.00463157,0.002142508,0.004053151,0.004418712,0.00477573,0.002080646,0.002994504,0.006510879,0.003888022,0.00403485,0.002902638,0.002591381,0.001955932,0.002836802,0.002297435,0.001574003,0.004076828,0.003993048,0.00287238,0.002964906,0.001904403,0.00132138,0.002178081,0.002200998,0.004104442,0.001847009,0.004088778,0.002764067,0.000997654,0.002938024,0.003196553,0.002626163,0.001904035,0.001283977,0.00420099,0.000649394,0.001234842,0.001793115,0.001086708,0.001352963,0.003214105,0.002144492,0.003145393,0.001021902,0.000503313,0.000883821,0.000602133,0.000514049,0.002006811,0.002457734,0.000713312,0.002155816,0.000443956,0.001096118,0.001681711,0.000603129,0.000339072,0.000985738,0.000894784,0.000769573,0.000298361,0.001098446,0.000251979,0.002318763,0.002846783,0.003210961,0.003065306,0.001836503,0.001743276,0.000535103,0.001892891,0.001745462,0.00176836,0.000417511,0.000480276,0.000296694,0.000392422,0.000516656,0.000161629,0.000354046,0.000202618,0.000202953,0.000517397,0.000191843,0.000809883,9.49E-05,0.000545173,0.000170182,0.00038683,0.000162069,0.000555181,0.000171281,0.0013617,0.000394001,0.000486283,0.001471871,0.001349315,0.001052243,0.000395695,0.003062401,0.000997156,0.000895298,0.001033611,0.000531197,0.000935168,0.000946488,0.001177844,0.001450095,0.000893156,0.000516658,0.000512527,0.001914322,0.000227389,0.000403924,0.000868527,0.000762656,0.000498357,0.002645958,0.002662268,0.00171562,0.000609255,0.000669805,0.00139656,0.000563066,0.000180168,0.000221648,0.000189013,0.000613139,0.000247327,0.000486412,0.001578902,0.001695247,0.000493043,0.000379446,0.004772753,0.000471397,0.001574015,0.001459907,0.002470956,0.000384634,0.001768872,0.004003006,0.001599562,0.001064632,0.001248411,0.000376017,0.000631882,0.000670743,0.000373275,0.000467483,0.000692815,0.000988422,0.000237752,0.000102132,0.000157227,0.000286975,0.000158073,0.000116129,0.000161959,0.000360673,0.000141643,0.000335149,0.000755721,0.000634864,0.000177385,5.87E-05,0.000220099,0.000415141,0.000160747,0.000350952,0.000300391,0.000363879,0.000106315,0.000632673,9.59E-05,0.000136449,0.001015534,0.000320084,7.57E-05,0.000659739,0.000345478,0.000328251,4.94E-05,0.000630346,0.001278146,0.001495111,0.000807643,0.000900292,0.000668125,0.001331405,0.001164942,0.000461957,0.000577667,0.000535892,0.000290124,0.000381765,0.000384361,0.000790633,0.000443646,0.000784352,0.000860063,0.000170139,0.003658753,0.001650361,0.00412801,0.00401328,0.001660786,0.000398959,0.000255907,0.000423436
'hsa-miR-107STAR(1)',0,1.20E-05,4.20E-06,4.27E-06,6.93E-06,1.33E-05,0,0,6.91E-06,2.17E-05,0,6.98E-06,1.54E-06,1.87E-06,1.50E-06,7.14E-07,1.32E-06,2.50E-07,1.82E-06,1.13E-06,1.67E-05,7.88E-07,0,0,1.20E-06,1.15E-06,3.51E-05,2.75E-07,7.48E-07,2.08E-07,0,7.31E-07,7.09E-07,1.22E-06,0,0,2.24E-06,0,7.53E-08,9.03E-07,1.02E-06,6.18E-07,1.13E-06,4.63E-07,0,0,5.98E-07,0,0,1.15E-05,2.59E-06,0,5.76E-07,3.63E-07,1.94E-06,7.47E-07,0,3.68E-07,8.88E-07,5.60E-07,4.72E-06,0,5.02E-07,8.72E-07,1.03E-06,2.30E-06,0,2.45E-05,3.44E-06,0,2.52E-06,0,1.35E-06,2.88E-06,0,0,0,5.03E-07,0,1.96E-07,0,0,0,2.47E-07,3.30E-06,0,0,0,1.95E-06,2.13E-07,0,0,2.87E-07,1.07E-06,0,2.71E-07,4.01E-07,2.04E-06,1.40E-06,0,0,2.60E-07,3.11E-07,5.53E-07,1.89E-06,9.71E-07,0,4.62E-07,4.14E-06,0,0,0,0,1.06E-06,2.84E-06,0,4.69E-07,0,0,0,5.88E-06,1.57E-06,1.15E-07,0,0,0,0,4.50E-07,5.88E-07,3.16E-06,0,0,0,0,0,0,1.32E-06,1.75E-06,0,2.00E-06,1.07E-06,0,1.81E-06,6.43E-06,6.33E-07,0,2.87E-06,0,4.20E-07,0,4.30E-06,2.98E-07,2.08E-06,7.57E-07,0,0,0,0,0,0,0,0,0,1.51E-07,0,3.28E-06,0,0,0,5.67E-07,0,0,0,0,0,0,0,0,0,2.95E-07,0,0,1.16E-06,7.18E-07,0,5.38E-07,1.62E-07,1.42E-06,7.89E-07,7.55E-07,3.67E-07,3.10E-06,0,1.74E-07,0,3.23E-07,1.20E-07,1.89E-07,0,5.72E-06,0,1.23E-06,1.46E-06,4.00E-07,6.25E-06,0,1.78E-06,2.84E-06,1.60E-06,2.53E-06,0,0
'hsa-miR-10a(1)',0.000823834,0.000370805,0.000117574,7.26E-05,0.000103927,2.66E-05,0.000760025,0.000310272,0.000435358,0.000144338,0.000154575,0.000118672,6.07E-05,6.30E-05,7.54E-05,8.83E-05,0.00021634,4.66E-05,5.47E-05,5.41E-05,0.000104844,8.66E-05,0.000158821,0.000177368,0.000637487,0.00071191,0.000243407,0.003505723,0.001616992,0.001744733,0.004588324,0.000991518,0.002370055,0.000221598,0.000686158,0.002720945,0.000935415,0.001622293,0.00120801,0.002732303,0.003200022,0.004097944,0.003350919,0.005185976,0.002986236,0.002440379,0.003647485,0.002209932,0.000833387,0.002419717,0.002659791,0.000830121,0.002177353,0.002542308,0.00304687,0.003005798,0.000521791,0.004083812,0.001168167,0.002814308,0.000556221,0.002238806,0.001848934,0.001528199,0.000805693,0.001776653,0.00206747,0.002057312,0.001792903,0.003791058,0.001899124,0.001662811,0.002768885,0.002383697,0.001107898,0.001416754,0.001236124,0.002500922,0.005603615,0.004338953,0.00998917,0.017029353,0.005871192,0.002973431,0.023254179,0.006411867,0.016094044,0.002570155,0.008072223,0.009568164,0.011797792,0.001112157,0.006062164,0.000767282,0.081772664,0.005867532,0.00242977,0.010802091,0.023706579,5.12E-05,2.90E-05,3.01E-05,1.60E-05,1.86E-05,7.21E-05,2.46E-05,4.92E-05,9.66E-06,2.39E-05,0.000231423,0.000710135,0.001263508,0.001274379,0.000972969,0.001805372,0.001779046,0.002081275,0.0024412,0.003379091,0.007276384,0.001855615,0.002092744,0.000720486,0.001454434,0.001047514,0.001909944,0.004532245,0.004681378,0.003794603,0.007493155,0.002673806,0.001813911,0.000218858,0.000232667,0.001226286,0.001543081,0.000690325,0.003454161,0.002625477,0.001791945,0.00222945,0.000553762,0.001541115,0.001682603,0.000793564,0.000795496,0.001000923,0.003111657,0.006294059,0.005560867,0.004333764,0.008754654,0.029886743,0.001194666,0.002696523,0.004135538,0.003250851,0.003463306,0.028484015,0.029571017,0.000960027,0.000548676,0.003797632,0.000987568,0.00300051,0.000738712,0.001970041,0.000910373,0.000724877,0.003617241,0.019879806,0.012735798,0.010535693,0.001468614,0.002635737,0.016674913,0.007623032,0.010930004,0.022348055,0.002199326,0.006106389,0.000860494,0.00738898,0.002427959,0.000623078,0.000850432,0.000459866,0.000163173,0.009632224,0.000240745,0.000749232,0.000187493,0.011594603,0.00041584,0.000164938,0.034230866,0.011516786,0.016767443,0.023414089,0.013986932,0.006337737,0.015043446,0.015210309,0.018335112,0.000242783,0.000767412,0.00027415,0.000232465,0.000375535,0.008708455,0.020967213,0.005181364
'hsa-miR-10aSTAR(1)',9.15E-06,0,0,0,0,0,1.68E-05,1.22E-05,0,0,8.36E-06,0,0,4.60E-08,1.57E-07,3.15E-07,0,7.49E-07,1.92E-07,8.48E-07,7.58E-07,7.88E-07,0,3.22E-06,3.99E-06,1.73E-05,6.36E-06,5.76E-05,1.65E-05,4.55E-05,4.76E-05,1.83E-05,2.07E-05,2.04E-06,9.87E-06,4.64E-05,7.63E-06,4.62E-05,1.72E-05,3.23E-05,4.83E-05,6.53E-05,4.83E-05,6.94E-05,5.91E-05,3.42E-05,2.30E-05,4.13E-05,1.68E-05,5.71E-05,1.07E-05,1.01E-05,3.61E-05,2.12E-05,2.17E-05,1.35E-05,3.94E-06,4.91E-05,7.24E-06,3.56E-05,7.87E-06,2.58E-05,2.26E-05,1.83E-05,5.81E-06,2.76E-05,4.64E-05,3.56E-05,7.32E-06,4.10E-05,3.48E-05,1.48E-05,1.91E-05,1.26E-05,7.52E-06,3.34E-05,1.17E-05,1.51E-05,4.35E-05,4.26E-05,2.63E-05,0.000164524,9.87E-05,4.62E-05,0.00014709,7.74E-05,0.000146797,0,0.000116576,6.01E-05,8.83E-05,6.24E-06,3.51E-05,1.18E-05,0.000373955,6.38E-05,3.24E-05,0.000120167,0.000150006,1.88E-06,1.49E-06,0,8.88E-08,2.55E-07,2.99E-07,0,5.53E-07,0,0,0,0,0,1.28E-05,1.48E-05,3.13E-05,1.19E-05,1.17E-05,3.01E-05,7.55E-05,0,2.94E-05,4.42E-05,8.36E-06,1.91E-05,0,0.000146919,3.89E-05,5.81E-05,2.53E-05,6.51E-05,1.34E-05,2.70E-05,0,0,2.30E-05,0,1.25E-05,5.73E-05,1.40E-05,2.47E-05,4.19E-05,0,1.90E-05,1.82E-05,1.90E-05,2.08E-05,3.16E-05,4.03E-05,0.000154875,5.04E-05,5.31E-05,0.000108053,0.000957996,1.36E-05,8.94E-05,3.06E-05,5.81E-05,1.25E-05,0.000559157,0.000325223,1.10E-05,1.53E-05,1.81E-05,7.85E-06,3.02E-05,7.70E-06,1.45E-05,8.39E-06,6.66E-06,3.46E-05,0.000205165,0.000132813,7.84E-05,5.82E-06,3.10E-05,0.00031203,7.89E-05,0.000150564,0.000302856,2.87E-05,4.33E-05,1.27E-05,0.000195489,2.58E-05,5.39E-06,1.08E-05,5.52E-06,3.65E-06,0.000145163,2.64E-06,1.14E-05,1.41E-06,9.59E-05,9.58E-06,4.33E-06,0.000348335,0.000162783,0.000209986,0.00016989,0.000200283,8.88E-05,0.000198308,0.000278228,0.000126405,5.21E-06,1.15E-05,2.67E-06,5.69E-06,7.46E-06,0.000131582,0.000271107,6.69E-05
'hsa-miR-10b(1)',0.005565454,0.001411453,0.000886003,0.004163381,0.045294832,0.000531175,0.012282175,0.010092959,0.004249925,0.000851595,0.002702974,0.000342055,0.046815582,0.025204816,0.028853712,0.058657267,0.018675621,0.009334749,0.03958925,0.036006274,0.024358757,0.012389677,0.049377411,0.06477533,0.00543382,0.021330307,0.023610129,0.015590047,0.022146793,0.022532628,0.015009284,0.028167479,0.010632415,0.065568579,0.041597516,0.011008237,0.024103334,0.031340959,0.033120443,0.036302221,0.030683602,0.031896191,0.034598804,0.032257965,0.053777777,0.028719146,0.028038812,0.023527979,0.011076931,0.019546813,0.022067186,0.024087717,0.023552988,0.027684284,0.025543543,0.002051124,0.001745553,0.000882158,0.001068485,0.001874022,0.000944081,0.001642609,0.001083191,0.001357721,0.000971526,0.004033035,0.001934115,0.001945224,0.001566879,0.001106282,0.000577691,0.001940873,0.002521477,0.001676088,0.00204456,0.002580218,0.009111479,0.003240305,0.003977873,0.026671434,0.016900696,0.016714575,0.010752786,0.005586016,0.028356523,0.010867546,0.014302266,0.003804209,0.008679096,0.004579992,0.001739057,0.000570123,0.007118502,0.000793401,0.000804769,0.000566267,0.001125428,0.0219786,0.01365113,5.59E-05,1.34E-05,2.73E-05,3.72E-05,4.40E-05,7.19E-05,1.03E-05,2.71E-05,9.43E-06,2.72E-05,4.63E-05,0.000710135,0.000520268,0.000925081,0.002431363,0.000548575,0.000908828,0.001387361,0.002996765,0.001131315,0.000661489,0.007802595,0.00129223,0.000721793,0.000306197,0.000523757,0.000661134,0.003231429,0.004369061,0.004680167,0.000500044,0.000173797,0.001432213,0.000265756,0.000579727,0.000444529,0.000278261,0.009567751,0.001181075,0.002916631,0.000492718,0.001522643,0.000507615,0.000700466,0.000478268,0.000287575,0.000231181,0.00045379,0.002517521,0.007264232,0.000352545,7.93E-05,0.012806629,0.003247457,0.0004205,0.004297118,0.002928574,0.001617505,0.001331492,0.001262639,0.002479863,0.000678557,0.000607941,0.00903972,0.000313108,0.001086365,0.000758582,0.001914513,0.001066996,0.000555894,0.001809187,0.00124685,0.000995714,0.000702902,0.002439443,0.002713259,0.010387293,0.000438381,0.001373896,0.003443371,0.001113988,0.000569011,0.000682322,8.30E-05,0.001064239,0.000361439,0.000562784,0.001562361,0.000476889,0.017928792,0.000842513,0.000838047,0.000254788,0.003741521,0.000234215,0.000312553,0.00091411,0.001042415,0.000290336,0.000408459,0.000291841,0.000153538,0.000380056,0.000164008,0.00129765,0.003707383,0.00461789,0.000903582,0.000698816,0.00972582,0.000134112,0.005887005,0.000717722
'hsa-miR-10bSTAR(1)',0.000118998,4.78E-05,1.26E-05,2.99E-05,0.000706703,2.66E-05,0.000209952,0.000200764,3.46E-05,7.22E-06,8.36E-06,1.40E-05,0.001087668,0.000366351,0.000339411,0.000684113,0.000326812,9.94E-05,0.000798199,0.0009833,0.000566121,0.000304012,0.000530854,0.000849084,3.40E-05,0.000383534,0.000506567,0.000274956,0.000318893,0.000393913,0.000193564,0.000683822,0.00026904,0.000964579,0.001526049,0.000174114,0.000394886,0.00072118,0.000301343,0.000253169,0.00027913,0.000303896,0.000375532,0.000361319,0.000679239,0.000204417,0.000141116,0.000233372,0.000100509,0.000182604,0.000214274,0.000227217,0.000204489,0.000177417,0.000161544,1.40E-05,1.40E-05,4.60E-06,8.01E-06,1.84E-05,3.15E-06,1.72E-05,1.41E-05,1.13E-05,4.00E-06,6.21E-05,1.57E-05,1.58E-05,1.89E-05,1.02E-05,6.07E-06,1.48E-05,2.33E-05,2.43E-05,5.52E-06,6.12E-05,8.38E-05,3.22E-05,3.38E-05,0.000231657,0.000353086,0.000203137,0.000163388,3.85E-05,0.000101832,8.72E-05,8.44E-05,0.000204094,4.68E-05,2.47E-05,1.06E-05,4.86E-06,1.38E-05,3.20E-06,4.37E-06,2.71E-06,8.11E-06,0.000104552,5.36E-05,3.75E-07,0,0,1.07E-06,8.51E-08,9.95E-08,0,0,0,0,0,0,0,2.23E-05,3.29E-05,8.53E-06,5.94E-06,7.50E-06,2.46E-05,1.16E-05,0,0.00018223,1.28E-05,5.63E-06,3.83E-05,0,0,2.98E-05,7.21E-05,7.41E-05,3.47E-06,0,6.76E-06,0,7.76E-06,0,0,0.000152938,7.60E-06,4.83E-05,8.01E-06,1.29E-05,2.31E-05,1.18E-05,5.25E-06,4.12E-06,2.60E-06,2.58E-05,0,0.000121718,6.63E-07,2.39E-06,0.000134917,2.91E-05,6.44E-06,4.10E-05,0,1.94E-05,0,8.25E-06,2.82E-06,2.75E-06,3.82E-06,4.97E-05,1.89E-06,1.31E-06,4.29E-06,6.86E-06,9.79E-06,1.16E-06,2.27E-06,0,6.95E-06,1.57E-06,1.16E-05,8.86E-06,6.29E-05,0,4.71E-06,2.65E-05,9.16E-06,0,8.49E-07,0,8.97E-06,2.70E-06,1.88E-06,1.22E-05,6.22E-06,0.000144505,8.31E-06,7.71E-06,2.26E-06,1.37E-05,3.83E-06,1.64E-06,4.36E-06,8.66E-06,7.55E-07,6.02E-06,2.86E-06,0,2.47E-06,0,4.80E-06,6.25E-06,5.69E-05,1.16E-05,2.84E-06,7.40E-05,0,2.12E-05,1.18E-05
'hsa-miR-1179(1)',7.32E-05,1.20E-05,5.04E-05,1.71E-05,0,1.99E-05,0,0,0,0.001270176,0.000192174,0.000307151,0.000611555,0.000360689,0.000802616,0.000244331,0.000322209,5.07E-05,0.000292225,0.0001312,0.000169495,0.000419001,8.85E-05,0.000208393,5.63E-05,2.85E-06,0.000413585,3.44E-05,7.75E-05,0.000141775,2.31E-05,5.14E-05,0.000105986,0.000467179,1.41E-05,6.46E-05,0.0002457,0.000371429,0.000400937,0.000311747,0.000296447,7.50E-05,0.000508384,0.000350309,0.00014325,0.000314213,0.000394885,5.64E-05,3.35E-05,6.16E-05,0.000112486,0.000291745,0.000173549,0.000180141,0.000117768,0.000416603,0.000223433,0.00011718,0.000151334,5.36E-05,0.000242314,0.000434267,2.56E-05,9.68E-05,0.001962116,0.000186713,9.98E-05,0.000242,0.000302656,0.000162145,0.000164519,0.000107517,0.000106303,0.00060813,0.00020408,1.11E-05,3.24E-05,6.54E-05,1.93E-05,5.28E-05,0.000774681,0.001053737,0.000172441,3.33E-05,0.001089169,8.66E-05,0.000309074,0.000132898,0.000443955,0,0.000103875,0,0.000545411,6.36E-05,0,6.79E-07,9.63E-07,2.10E-05,1.17E-05,9.22E-05,0.000156002,0.000370707,0.000319758,0.000158829,0.000745669,7.30E-05,8.63E-05,0.000163174,0.000461487,0.000138854,6.46E-05,8.49E-05,2.23E-05,5.30E-05,9.47E-07,2.38E-05,4.50E-05,5.47E-05,9.57E-06,0,0.000119527,0.000105317,3.16E-05,0.000133961,0.000149645,3.67E-05,6.41E-05,0.000358478,4.35E-05,9.79E-06,6.02E-05,3.38E-05,0.00017196,3.49E-05,6.13E-05,5.06E-05,0.00013238,0.000164379,5.09E-06,2.87E-05,3.12E-05,2.31E-05,0.000103103,0.000241694,0.000162709,0.000108664,6.61E-05,2.01E-05,1.47E-05,1.52E-05,0.000167281,1.19E-05,6.41E-07,3.79E-06,0,0,0,0,1.65E-06,2.47E-05,4.13E-06,0,0,5.96E-06,1.09E-05,1.77E-06,0,0,1.45E-06,1.13E-06,0,3.86E-06,0,1.16E-05,0,0,0,0,0,5.91E-07,2.70E-06,4.25E-05,0,4.31E-06,0,4.66E-05,0.000350761,3.16E-05,5.26E-07,6.61E-06,0.000111568,3.56E-05,4.11E-05,4.89E-05,3.97E-05,3.23E-08,1.20E-06,5.67E-07,1.20E-05,1.43E-05,8.63E-06,2.88E-05,4.83E-05,1.20E-06,0.001759913,3.72E-05,1.43E-05,4.27E-06,2.66E-06,3.80E-06,2.28E-05,0
